-- phpMyAdmin SQL Dump
-- version 5.2.0
-- https://www.phpmyadmin.net/
--
-- Host: 127.0.0.1
-- Generation Time: Feb 27, 2023 at 04:48 PM
-- Server version: 10.4.24-MariaDB
-- PHP Version: 8.1.6

SET SQL_MODE = "NO_AUTO_VALUE_ON_ZERO";
START TRANSACTION;
SET time_zone = "+00:00";


/*!40101 SET @OLD_CHARACTER_SET_CLIENT=@@CHARACTER_SET_CLIENT */;
/*!40101 SET @OLD_CHARACTER_SET_RESULTS=@@CHARACTER_SET_RESULTS */;
/*!40101 SET @OLD_COLLATION_CONNECTION=@@COLLATION_CONNECTION */;
/*!40101 SET NAMES utf8mb4 */;

--
-- Database: `secretary`
--

-- --------------------------------------------------------

--
-- Table structure for table `ads`
--

CREATE TABLE `ads` (
  `id` int(11) NOT NULL,
  `Ads_1` varchar(800) NOT NULL,
  `Ads_2` varchar(800) NOT NULL,
  `Ads_3` varchar(800) NOT NULL,
  `date_created` timestamp NOT NULL DEFAULT current_timestamp()
) ENGINE=InnoDB DEFAULT CHARSET=utf8mb4;

--
-- Dumping data for table `ads`
--

INSERT INTO `ads` (`id`, `Ads_1`, `Ads_2`, `Ads_3`, `date_created`) VALUES
(1, 'هذا نص تجريبي لاختبار شكل و حجم النصوص و طريقة عرضها في هذا المكان و حجم و لون الخط حيث يتم التحكم في هذا النص وامكانية تغييرة في اي وقت عن طريق ادارة الموقع', 'هذا نص تجريبي لاختبار شكل و حجم النصوص و طريقة عرضها في هذا المكان و حجم و لون الخط حيث يتم التحكم في هذا النص وامكانية تغييرة في اي وقت عن طريق ادارة الموقع', 'هذا نص تجريبي لاختبار شكل و حجم النصوص و طريقة عرضها في هذا المكان و حجم و لون الخط حيث يتم التحكم في هذا النص وامكانية تغييرة في اي وقت عن طريق ادارة الموقع', '2022-06-01 21:15:23');

-- --------------------------------------------------------

--
-- Table structure for table `case_sessions`
--

CREATE TABLE `case_sessions` (
  `id` int(11) NOT NULL,
  `tickets_id` int(11) NOT NULL,
  `user_id` int(22) NOT NULL,
  `roll_number` varchar(800) NOT NULL,
  `date` varchar(225) NOT NULL,
  `decision` varchar(800) NOT NULL,
  `orders` varchar(800) NOT NULL,
  `sessions_st` int(11) NOT NULL DEFAULT 1,
  `case_appeal` int(22) NOT NULL
) ENGINE=InnoDB DEFAULT CHARSET=utf8mb4;

--
-- Dumping data for table `case_sessions`
--

INSERT INTO `case_sessions` (`id`, `tickets_id`, `user_id`, `roll_number`, `date`, `decision`, `orders`, `sessions_st`, `case_appeal`) VALUES
(1, 2, 1, '55', '2023-03-25', '', 'رفع دعوة', 1, 0),
(2, 4, 3, '55', '2023-01-11', '555', '555', 1, 0);

-- --------------------------------------------------------

--
-- Table structure for table `chat`
--

CREATE TABLE `chat` (
  `id` int(11) NOT NULL,
  `message` text NOT NULL,
  `operation` int(11) DEFAULT 0,
  `user_id` int(11) NOT NULL,
  `name` varchar(225) NOT NULL,
  `date_created` timestamp NOT NULL DEFAULT current_timestamp()
) ENGINE=InnoDB DEFAULT CHARSET=utf8;

--
-- Dumping data for table `chat`
--

INSERT INTO `chat` (`id`, `message`, `operation`, `user_id`, `name`, `date_created`) VALUES
(1087, 'السلام عليكم ورحمة الله وبركاته\r\n', 0, 106, 'eslam saeed', '2022-08-24 12:48:20'),
(1090, 'عليكم السلام ورحمة الله وبركاته ', 0, 109, 'المستشار عيسوي يسري ', '2022-08-25 10:01:01'),
(1091, 'السلام عليكم ', 0, 1388, 'المستشارة عبير سامي', '2022-08-27 12:28:47'),
(1095, 'في غلطة إملائية في إسناد القضية لمحام زميل وكمان مش شغالة مش عارف اعملها وتصميمها مش حلو ياريت يا مستشار تعدلها', 0, 1234, 'محسن طاحون المحامي', '2022-08-30 21:03:30'),
(1096, 'السلام عليكم ', 0, 1388, 'المستشارة عبير سامي', '2022-08-31 09:14:48'),
(1097, 'تمام يا استاذ محسن .. المهندس البرمجي بيصلحها', 0, 109, 'المستشار عيسوي يسري ', '2022-08-31 11:44:45'),
(1098, 'في زميل محام المفروض انه أسند ليا قضية وظهرتلة رسالة تم الإسناد وماظهرتش عندي البرنامج فيه أخطاء كتير جدا انا اسف اني بقول كدا بس دي الحقيقة', 0, 1234, 'محسن طاحون المحامي', '2022-09-01 09:51:21'),
(1099, 'الزيكم يا اساتذة', 0, 114, 'ليلى ابراهيم المحامية', '2022-09-02 12:29:59'),
(1100, 'الحمدلله الزيك يا استاذة ', 0, 109, 'المستشار عيسوي يسري ', '2022-09-02 17:03:40'),
(1101, 'بكرة أو بعد بكرة بالكتير يا استاذ محسن هتلاقيها ظهرت عندك ', 0, 109, 'المستشار عيسوي يسري ', '2022-09-05 18:32:01'),
(1102, 'النقيب علام أصدر عدة قرارات جميلة جدا من أهمها انه أصدر لكافة المستشفيات باستقبال المحام في حالة الطوارئ بدون جواب علاجي ', 0, 1388, 'المستشارة عبير سامي', '2022-09-07 07:30:49'),
(1103, 'انا فرحانة جدا ف الاستاذ سامح عاشور ', 0, 114, 'ليلى ابراهيم المحامية', '2022-09-07 07:38:47'),
(1104, ' كلنا والله', 0, 1388, 'المستشارة عبير سامي', '2022-09-07 11:28:16'),
(1105, 'جمعة مباركة عليكم♥️', 0, 114, 'ليلى ابراهيم المحامية', '2022-09-08 19:53:33'),
(1106, 'وعليكي يا استاذة', 0, 109, 'المستشار عيسوي يسري ', '2022-09-08 21:09:27'),
(1107, 'السلام عليكم', 0, 645, ' ياسر مسعد فتوح', '2022-09-09 00:17:24'),
(1108, 'عليكم السلام ورحمة الله وبركاته ', 0, 1388, 'المستشارة عبير سامي', '2022-09-09 07:39:05'),
(1109, 'الاستاذ علام الخقيقة نقيب محترم للغاية .. بس السؤال هل القرارات اللي أحدها للإصلاح ماكنتش تنفع يعني سأقوم بها سامح عاشور ', 0, 114, 'ليلى ابراهيم المحامية', '2022-09-09 07:56:47'),
(1110, 'هو الاستاذ سامح اصلا لم يكن يسعى لمصلحة المحامين', 0, 1234, 'محسن طاحون المحامي', '2022-09-09 10:41:32'),
(1111, 'الحمدلله أن ربنا خلصنا منه', 0, 1388, 'المستشارة عبير سامي', '2022-09-09 11:27:59'),
(1112, 'اة والله الحمدلله أن ربنا خلصنا ', 0, 109, 'المستشار عيسوي يسري ', '2022-09-09 11:43:25'),
(1113, 'البرنامج دا حرفيا بقي زبالةمافيش حاجه مهمه شغاله فيه الجلسات مالهاش قيمة يعني تخليني استخدمة والله في صفحات وحجات وكلها مش شغالة ', 0, 1388, 'المستشارة عبير سامي', '2022-09-09 16:45:46'),
(1114, 'عمالين توعدنا أن كل حاجه هتشتغل الاسبوع الجاي ومافيش حاجه بتحصل الوضع زي ماهو ', 0, 1388, 'المستشارة عبير سامي', '2022-09-09 16:47:25'),
(1115, 'الزيك يامستشارة والله احنا مش مقصرين بس المهندس كان عنده ظروف والنهاردة باذن الله كل حاجه هتكون خلصت', 0, 109, 'المستشار عيسوي يسري ', '2022-09-09 17:09:45'),
(1116, 'الاستاذه عبير معاها حق ', 0, 114, 'ليلى ابراهيم المحامية', '2022-09-10 18:44:14'),
(1117, 'في اي لحظه يا مستشارة هتكون كلا حاجه مظبوطة .. بنعمل تعديلات مميزة ', 0, 109, 'المستشار عيسوي يسري ', '2022-09-10 22:36:10'),
(1118, 'مين احق مننا يكون في مجلس الشعب مين احق مننا في إصدار القوانين وتعديلها احنا ماسكين قضايا الشعب كله كا محامين ليه ما نستغلش حاجه زي دي ومرشح اكبر عدد مننا لمجلس الشعب وننسف مع بعض لسه احنا سايبين حقنا دا ', 0, 1234, 'محسن طاحون المحامي', '2022-09-10 23:15:13'),
(1119, 'معاك يا مستشار والله طب ليه لا ما نعمل كدا ومنسق مع بعض', 0, 109, 'المستشار عيسوي يسري ', '2022-09-11 04:10:58'),
(1120, 'ايى اخبار  ؤابهوات المحامين  اللى تم الاعتداء عليهم', 0, 240, 'عماد مكارى يونان', '2022-09-11 10:55:31'),
(1121, 'لسه يامستشار مافيش جديد ', 0, 109, 'المستشار عيسوي يسري ', '2022-09-11 12:51:37'),
(1122, 'قيد التحقيق لسة', 0, 109, 'المستشار عيسوي يسري ', '2022-09-11 12:51:51'),
(1123, 'بجد لازم يكون في حل رادع مش معقولة الاستهتار بأرواحنا', 0, 114, 'ليلى ابراهيم المحامية', '2022-09-11 16:02:34'),
(1124, 'كان فيه برنامج علي cd زماااان إسمه أجندة المحامي وأعتقد موجود حاليا\r\nفيه كل حاجة ممكن تحتاجها كمحامي لإدارة مكتبك بالكامل وفيه كل تفصيلة مهما كانت صغيرة موجودة فيه\r\nممكن تستعينوا بالشركة اللي صممت البرنامج دة... مش عيب.... بس يبقا المنتج النهائي كويس ومفيد لكل المحامين ', 0, 610, 'أحمد بركات ', '2022-10-06 01:31:05'),
(1125, 'هوا البرنامج فاضي لي', 0, 1671, 'ابراهيم ابراهيم الشرباصي ', '2022-10-06 05:37:57'),
(1126, 'موجودين يامستشار ', 0, 1388, 'المستشارة عبير سامي', '2022-10-09 06:54:34'),
(1127, 'يامستشار احمد بركات البرنامج لسه ماخلصش بشكل نهائي', 0, 1388, 'المستشارة عبير سامي', '2022-10-09 06:55:15'),
(1128, 'حد من الاساتذه عنده مكتب في الشروق للانضمام معاه ', 0, 1679, 'نيره عبد الحليم حافظ القزاز ', '2022-10-13 01:28:56'),
(1129, '؟!', 0, 1388, 'المستشارة عبير سامي', '2022-10-13 12:20:34'),
(1130, ',الزيكم يامستشارين جمعه مباركة علينا كلنا', 0, 1388, 'المستشارة عبير سامي', '2022-10-21 10:48:57'),
(1131, 'وعليكي يا استاذة يارب تكونو جميعا بخير ❤️', 0, 109, 'المستشار عيسوي يسري ', '2022-10-25 07:02:40'),
(1132, 'صباح الخير يا اساتذه', 0, 1234, 'محسن طاحون المحامي', '2022-10-25 07:03:44'),
(1133, 'صباح الخير يا استاذ محسن صباح الخير علينا كلنا ', 0, 1388, 'المستشارة عبير سامي', '2022-10-25 07:04:38'),
(1134, 'الزيكم يا اساتذه يوم سعيد', 0, 114, 'ليلى ابراهيم المحامية', '2022-10-25 07:05:58'),
(1135, 'سلام عليكم', 0, 1388, 'المستشارة عبير سامي', '2022-11-06 21:06:35'),
(1136, 'سلام عليكم', 0, 1234, 'محسن طاحون المحامي', '2022-12-07 05:00:21'),
(1137, 'yyyty', 0, 3, 'eslamsaeed', '2023-01-10 02:56:54');

-- --------------------------------------------------------

--
-- Table structure for table `daily_business`
--

CREATE TABLE `daily_business` (
  `id` int(11) NOT NULL,
  `user_id` int(22) NOT NULL,
  `office_id` int(22) NOT NULL,
  `year` varchar(225) NOT NULL,
  `case_number` varchar(225) NOT NULL,
  `content` text NOT NULL,
  `date_created` timestamp NOT NULL DEFAULT current_timestamp()
) ENGINE=InnoDB DEFAULT CHARSET=utf8mb4;

--
-- Dumping data for table `daily_business`
--

INSERT INTO `daily_business` (`id`, `user_id`, `office_id`, `year`, `case_number`, `content`, `date_created`) VALUES
(3, 106, 15, '2022', '55', '<p>محتوى تجريبى لرؤية حجم الخطوط والالوان</p>', '2022-03-23 17:02:48'),
(4, 109, 17, '2021', '8338', '<p>Ndbddbsnsjsj</p>', '2022-03-23 17:11:40'),
(5, 109, 17, '2012', '478', '<p>Ejdejejejje</p>', '2022-03-23 17:11:58'),
(6, 113, 21, '٢٠٢٢', 'السجل العيني بنها ', '<ol><li><b>مقابلة سعيد في الخانكة</b></li><li><b>عمل بحث هندسي الشكاوي</b></li><li><b>تسليم البحث الهندسي بنها</b></li></ol>', '2022-03-28 16:02:31'),
(7, 113, 21, '٢٠٢٢', '١٠٣', '<ol><li>المراجعة فى مديرية المساحة عمارة زينب عصفور</li></ol>', '2022-03-28 16:07:08'),
(8, 231, 82, '2021', '3309', '<p><b>تاجيل القضيه لضن المفردات</b></p>', '2022-04-08 01:25:49'),
(9, 240, 89, '٢٠١٤', '١٤٩', '', '2022-04-09 22:10:30'),
(10, 281, 105, '138ق', '47', '<p>استلام صيغة تنفيذية من الحكم من دار القضاء العالي الساعة 9</p><p><br></p>', '2022-04-12 16:17:07'),
(11, 328, 128, '2022', '3456', '<p>جنح ابوحماد ضرب</p>', '2022-04-14 11:38:13'),
(12, 370, 147, '2019', '735', '<p>فتح باب مرافعة</p>', '2022-04-16 02:10:17'),
(13, 370, 147, '2022', '1287', '<p>تجديد من الشطب&nbsp;</p>', '2022-04-16 02:12:41'),
(14, 393, 155, '2022  أسرة باب الشعريه ', '101', '<p><span style=\"background-color: rgb(255, 255, 0);\">دعوى خلع&nbsp;</span></p>', '2022-04-16 23:29:20'),
(15, 397, 152, '٢٠٢٢', '184 مدني كلي ادفو', '<p>استلام اعاده الاعلان من المحضرين&nbsp;</p><p>الذي نفذ بتاريخ ٦/٤/٢٠٢٢</p><p><br></p>', '2022-04-17 00:06:43'),
(16, 431, 170, '2015', '937', '<ol><li>طلب كفالة</li></ol>', '2022-04-21 00:53:03'),
(17, 481, 190, '٢٠٢٢', '٢٠٠٠٠', '<p>استخراج صوره رسميه من الحكم</p>', '2022-04-28 23:31:40'),
(18, 506, 203, '2022', '2025', '<p>محضر سرقه 5000 دولار&nbsp; وتم عرض نيابه&nbsp; واجل للتحريات</p>', '2022-04-29 12:41:56'),
(19, 570, 237, '٢٠٢٢', '٢٩٤', '<p>عمل استئناف فرعي في القضية العمالية المستأنفة من شركة ميتالكو</p><p><br></p><p><br></p><p><br></p><p><br></p><p><span style=\"font-size: 8px;\">﻿</span><br></p><p><br></p><p><br></p><p><br></p><p><br></p><p><br></p>', '2022-04-30 20:05:02'),
(20, 518, 213, '٢٠٢٢', '57', '<p>تموين&nbsp; بداية جزاء الاولى&nbsp;</p>', '2022-05-04 16:29:53'),
(21, 600, 250, '٢٠٢٢', '٩٠٨', '<p>نفاذ عقد الايجار المؤرخ ١-١-٢٠٢٠ فى مواجهة الغير</p>', '2022-05-05 13:28:04'),
(22, 109, 260, '2022', '1518', '<p>تم عمل مهارصه بتاريخ 15/4/2022نبزيين يا ينيننؤؤن</p>', '2022-05-13 13:08:33'),
(23, 109, 260, '2020', '55555', '<p>عملت معارنيهسزس مسنيتي سمينيويمويتينيني ميمينيزيزينينيزييزي نينيويوينيويوي</p>', '2022-05-13 13:33:41'),
(24, 823, 336, '١٠٤٩', '٢٠٢٢', '<p><u><b><span style=\"font-size: 18px;\">عمل شهادة بعدم حصول استئناف</span></b></u>&nbsp;</p>', '2022-05-24 20:57:31'),
(25, 838, 340, '2022', '328', '<p>أمر أداء&nbsp;</p>', '2022-05-25 00:24:53'),
(26, 743, 339, '2017', 'شلبى', '<p>اطلاع على المعارضه</p>', '2022-05-25 11:27:07'),
(27, 1, 0, '2020', '1111', '<p>نصوص تجريبة</p>', '2023-01-07 13:48:57');

-- --------------------------------------------------------

--
-- Table structure for table `employees`
--

CREATE TABLE `employees` (
  `id` int(11) NOT NULL,
  `tickets_id` int(22) NOT NULL,
  `member_id` int(22) NOT NULL,
  `date_created` timestamp NOT NULL DEFAULT current_timestamp()
) ENGINE=InnoDB DEFAULT CHARSET=utf8mb4;

--
-- Dumping data for table `employees`
--

INSERT INTO `employees` (`id`, `tickets_id`, `member_id`, `date_created`) VALUES
(4, 2, 2, '2023-01-07 13:42:56'),
(5, 4, 2, '2023-01-10 02:55:58');

-- --------------------------------------------------------

--
-- Table structure for table `notification`
--

CREATE TABLE `notification` (
  `id` int(11) NOT NULL,
  `user_id` int(11) NOT NULL,
  `consignee` int(11) NOT NULL,
  `message` text NOT NULL,
  `case_notification` int(11) NOT NULL DEFAULT 0,
  `link` varchar(225) NOT NULL,
  `date_created` timestamp NOT NULL DEFAULT current_timestamp()
) ENGINE=InnoDB DEFAULT CHARSET=utf8;

--
-- Dumping data for table `notification`
--

INSERT INTO `notification` (`id`, `user_id`, `consignee`, `message`, `case_notification`, `link`, `date_created`) VALUES
(1, 0, 2, 'تم إسنادك إلى قضية جديدة', 1, 'tickets_sessions?id=2', '2023-01-07 12:39:51'),
(2, 0, 2, 'تم إسنادك إلى قضية جديدة', 1, 'tickets_sessions?id=2', '2023-01-07 13:42:56'),
(3, 0, 2, 'تم إسنادك إلى قضية جديدة', 0, 'tickets_sessions?id=4', '2023-01-10 02:55:58');

-- --------------------------------------------------------

--
-- Table structure for table `offices`
--

CREATE TABLE `offices` (
  `id` int(11) NOT NULL,
  `member_id` int(22) NOT NULL,
  `name` varchar(800) NOT NULL,
  `address` varchar(800) NOT NULL,
  `provinces_id` int(22) NOT NULL,
  `phone` varchar(800) NOT NULL,
  `date_created` timestamp NOT NULL DEFAULT current_timestamp()
) ENGINE=InnoDB DEFAULT CHARSET=utf8mb4;

--
-- Dumping data for table `offices`
--

INSERT INTO `offices` (`id`, `member_id`, `name`, `address`, `provinces_id`, `phone`, `date_created`) VALUES
(14, 107, 'العيسوي ', 'Egypt \\ Sharqia Governorate \\ Zagazig', 2, '+201019185895', '2022-03-23 15:46:42'),
(15, 106, 'eslam saeed', 'مصر الجديده', 2, '01001010', '2022-03-23 16:30:00'),
(16, 108, 'نرزربو', 'نيينيني', 2, '٣٨٣٨٣٨٨', '2022-03-23 16:41:34'),
(17, 109, 'Hddhdh', '3ueueuu', 2, '9292289', '2022-03-23 17:11:06'),
(18, 110, 'العيسوي', 'Egypt \\ Sharqia Governorate \\ Zagazig', 2, '+201019185895', '2022-03-26 07:36:02'),
(19, 111, 'عيسوي', 'مركز', 2, '٨٦٩٨٦٥', '2022-03-27 06:48:31'),
(20, 114, 'الامل', 'مركز', 6, '٩٢٨٣٧٣', '2022-03-28 12:03:31'),
(21, 113, 'mo.ma3eai', '226 josif teito', 1, '010', '2022-03-28 12:10:33'),
(22, 118, 'السمان للمحاماه', '10 موسي عبده من عبدالرازق مصطفي المطريه', 1, '01000625870', '2022-03-28 21:06:22'),
(23, 120, 'مؤسسة المختار للمحاماة', 'شارع النبوي المهندس - أمام مستشفي الصدر ', 5, '01503754000', '2022-03-28 21:31:57'),
(24, 122, 'حسين عبد الناصر', 'ميدان عبد المنعم الغربي ', 18, '01009027417', '2022-03-28 21:58:56'),
(25, 114, 'مكتب الجيزة ', 'الجيزة', 6, '٠١٠١٩١٨٥٨٩٥', '2022-03-28 22:49:47'),
(26, 119, 'احمد سعيد هاشم', 'El-Tawheed Mosque, Warraq Al Arab, El Warraq, Giza Governorate, Egypt', 6, '01114442155', '2022-03-28 23:34:12'),
(27, 126, 'مكتب الدفاع ', '٣٣ ش الكيلاني- البراجيل- امام البنك الاهلي المصري ', 6, '٠١١٤٦٠٣٧٨٠٠-٠١٠١٠١٠٨٨٢٤', '2022-03-29 06:42:14'),
(28, 127, 'الاستاذه مني عبد الحق ', 'المنشيه', 5, '+201274409023', '2022-03-29 08:27:43'),
(29, 129, 'الصفا ', 'ش الاتوبيس القديم _ برج الماسه _الدور الثاني المنصوره', 7, '٠١٠٠٤٢٤٩٣٦٢', '2022-03-29 08:53:09'),
(30, 128, 'مكتب الاستاذه مني عبد الحق', '١٥ شارع الشهداء', 5, '20 120 567 5151', '2022-03-29 09:22:30'),
(31, 131, 'المكتب الدولي للمحاماه والاستشارات القانونية', 'شارع المحكمه بندر العدوة', 18, '01146400121', '2022-03-29 09:57:43'),
(32, 136, 'مؤسسه ال محمد القانونيه ', 'عمارات العبور .صلاح سالم .مصر الجديده ', 1, '01094225954', '2022-03-29 13:29:01'),
(33, 137, 'محمود قاسم ', 'كفر صراوة اشمون المنوفية ', 4, '٠١٥٥٥٣٦٨٣٥١', '2022-03-29 13:56:18'),
(34, 143, 'مكتب الرملي للمحاماة والاستشارات القانونية', 'مدينة السادس من اكتوبر', 6, '01092208041', '2022-03-29 19:12:02'),
(35, 144, 'ا/جمال ', 'ميت غمر', 7, '01062021437', '2022-03-29 19:13:55'),
(36, 146, 'فتحي الغفلول -المحامي', 'مدينة مسير -مركز كفر الشيخ ', 16, '01067768917', '2022-03-29 20:07:18'),
(37, 150, 'مؤسسه عبد الجليل للمحاماه ', 'ساقيه ابو شعره - اشمون ', 4, '01003134539', '2022-03-29 21:40:52'),
(38, 142, 'مكتب النخبه للأستشارات القانونيه ', '٢٢ شارع المريوطيه فيصل أعلى صيدليه النجار أمام كوبري الشيشيني ', 6, '0237452948', '2022-03-29 22:23:36'),
(39, 155, 'محمد عشري', 'حدائق حلوان القاهره ', 1, '01002031004', '2022-03-30 10:20:03'),
(40, 156, 'محمد عبدالرحمن عبدالرحيم', '20ش العروبه الهرم', 6, '01111876692', '2022-03-30 12:27:00'),
(41, 158, 'الشاطبي ', 'الشاطبي ', 5, '01288507163', '2022-03-30 14:10:09'),
(42, 159, 'علي موسي', '6شارع عبد الكريم عزبة العرب مدينة نصر ثان', 1, '01019784335', '2022-03-30 16:24:57'),
(43, 132, 'Wael nassar', '5شارع اللبينى هرم الدور الثالث أعلى النسجون الشرقيون امام البنك الأهلى', 6, '01277216106', '2022-03-30 16:28:43'),
(44, 162, 'عماد زغلول', 'ابوتيج الشارع الجديد', 11, '01118443091', '2022-03-30 22:17:37'),
(45, 162, 'مينا مرزوق', 'بني سميع بجوار المركز', 11, '٠١١٠٢٠٩٧٥٧٥', '2022-03-30 22:18:41'),
(46, 125, 'احمد نعيم ', 'مسطرد -القاهره', 1, '01004502068', '2022-03-30 22:26:02'),
(47, 165, 'احمد المحرق', 'الصف', 6, '01151115331', '2022-03-30 22:57:25'),
(48, 167, 'محمد جوهر', 'بجوار المحكمة مدينة سيدي سالم', 16, '٠١٠٩٨٩٩٠٢٥٦', '2022-03-31 09:48:02'),
(49, 174, 'مينا مرزوق', 'ابوتيج', 11, '٠١١٠٢٠٩٧٥٧٥', '2022-04-01 17:21:33'),
(50, 173, 'محمد عمر الديابى المحامي', 'ديرمواس  أمام المحكمة', 18, '01154374536', '2022-04-01 17:22:04'),
(51, 174, 'عماد زغلول ', 'ابوتيج', 11, '٠١١١٨٤٤٣٠٩١', '2022-04-01 17:22:27'),
(52, 175, 'عبد الحكيم العزازي', 'أبوكبير', 2, '٠١٠٦٥٠٥٤٥٧٠', '2022-04-01 23:17:18'),
(53, 130, 'مراد الشال ', 'مطوبس امام مركز الشرطه ', 16, '01004908274', '2022-04-02 09:50:55'),
(54, 180, 'احمد المحرق', 'الصف', 6, '01151115331', '2022-04-02 12:18:23'),
(55, 150, 'مؤسسه عبد الجليل للمحاماه والاستشارات القانونيه ', 'ساقيه ابو شعره- اشمون ', 4, '01003134539', '2022-04-02 13:04:11'),
(56, 182, 'آمين عبدالصالحين امين', 'القوصيه شارع المستشفى', 11, '٠١٠٠٨٨٠٣٠٤٥', '2022-04-02 17:10:58'),
(57, 154, 'الحسينى ', 'شبرا الخيمة ', 1, '01143956028', '2022-04-03 08:20:04'),
(58, 185, 'المستشارة القانونية ', '2 شارع الثورة متفرع من شارع الجمهورية أمام كهربائي الشروق المرج الجديدة طريق الخانكة', 1, '01140429164', '2022-04-03 15:50:50'),
(59, 186, 'حسين فتح الله السوبي', 'سمالوط', 18, '01020503449', '2022-04-03 19:05:46'),
(60, 187, 'محمود شتية', 'شارع الجمهورية', 21, '٠١٢٨٨٧١٨١١٧', '2022-04-03 20:14:17'),
(61, 190, 'الكامل للاستشارات القانونية', '410 شارع جسر السويس عين شمس', 1, '01066874626', '2022-04-04 12:45:08'),
(62, 196, 'احمد غلاب ', 'الكدايه ', 6, '01014975559', '2022-04-04 16:40:38'),
(63, 189, 'مكتب محمد المشالي', 'طنطا', 3, '01226338042', '2022-04-04 21:47:32'),
(64, 201, 'احمد سيداحمد خليفة', 'جزيرة نكلا شبراخيت', 12, '٠١٢٨٥٨٢٣٦٩٢', '2022-04-04 22:03:34'),
(65, 203, 'الهيئه', 'الهيئه', 1, '٠١١١٥٠٥٩٠٢٠', '2022-04-04 22:12:37'),
(66, 202, 'إبراهيم محمود محمد محمد سليمان ', '٦ش شريف المساحه فيصل', 6, '٠١١٥١٥٤٢٥٥٢', '2022-04-04 22:21:29'),
(67, 205, 'احمد تهامي', 'كوم أمبو ', 10, '011‪15412134 ', '2022-04-04 22:48:50'),
(68, 207, 'مؤسسة بظاظو ', 'دسوق ', 16, '01020019198', '2022-04-05 06:46:47'),
(69, 208, 'مكتب الغمري', 'الزقازيق', 2, '٠١٠٦٧ ٩٨٥٩٦٠', '2022-04-05 08:00:32'),
(70, 149, 'احمد صلاح الحوفي ', 'العدوة', 18, '01116792398', '2022-04-05 12:27:55'),
(71, 210, 'حسين سيد ابوسريع ', '27ش حسن آمين من ش جسر الكنيسة المنيب الجيزة', 6, '011189956001', '2022-04-05 16:39:42'),
(72, 211, 'احمد خميس السواح ', 'دمنهور خلف البريد أعلى صيدلية الميدان ', 12, '01016191212', '2022-04-05 17:40:20'),
(73, 185, 'المستشار القانوني للمجموعة العربية الدولية ', 'عابدين ', 1, '01203076524', '2022-04-05 19:14:25'),
(74, 212, 'اسلام حسين', 'منشاة البكار ي', 1, '01100131143', '2022-04-05 19:22:18'),
(75, 213, 'محمود فراج عويس ', 'سنورس الفيوم ', 8, '01095907019', '2022-04-05 22:25:01'),
(76, 214, 'الاردنيه للاستشارات القانونيه ريمون ابراهيم المحامي بالاستئناف العالي ومجلس الدوله', '٦ أكتوبر الحي السادس ', 6, '01033113008', '2022-04-05 23:27:29'),
(77, 219, 'Marko Adly', 'شارع الجمهورية', 11, '01282614494', '2022-04-06 21:28:02'),
(78, 220, 'عبدالمحسن ابو الخير', 'القاهرة', 1, '٠١١١٨٨٣٣٣٣٨', '2022-04-07 00:39:11'),
(79, 223, 'المكتب التخصصي في قضايا الجامعات ', '٣شارع الجمهورية اسيوط ', 11, '01098448600', '2022-04-07 19:01:52'),
(80, 228, 'حسن مهنى', '3ش ابوالعلا خليل ', 6, '01092614638', '2022-04-07 20:40:04'),
(81, 229, 'المكتب الدولي للمحاماة والاستشارات القانونية ', 'القوصية ', 11, '٠١٠٠٦٩٢٠٦٦١', '2022-04-07 20:59:23'),
(82, 231, 'البراء', 'الصف الجيزه', 6, '01026241583', '2022-04-08 01:19:50'),
(83, 179, 'مكتب الأستاذ ياسر محمود الهلالي ', 'ملوي ', 18, '٠١٠٦٦٦٧٣٥٧٣', '2022-04-08 12:57:54'),
(84, 234, 'المستشار / محمد حسن البشتيلي', '15 مايو - حلوان', 1, '01124249550', '2022-04-08 17:15:14'),
(85, 235, 'احمد السيد عبد الكريم', '٢٥ شارع ماهر الاربعين السويس', 25, '01090700850', '2022-04-08 17:28:39'),
(86, 236, 'المستشار / محمد حسن البشتيلي', '١٥ مايو - حلوان', 1, '٠١١٢٤٢٤٩٥٥٠', '2022-04-08 22:47:18'),
(87, 237, 'مكتب الاستاذ بهجت فهمى بهجات ', 'Sadd Khamis, Sidi Salem, Kafr El Sheikh Governorate, Egypt', 16, '01067476712', '2022-04-08 23:15:09'),
(88, 230, 'أسامة عادل ', 'السرو َ الزرقا', 14, '٠١٠٦٣٠١٨٣١٥ ', '2022-04-09 01:18:00'),
(89, 240, 'مكتب  عماد  مكارى يونان المحامى', 'شارع الشونة رقم ٧ منزل رقم ٣', 24, '٠١٠٦٧٤٥٨١١٤', '2022-04-09 21:57:25'),
(90, 241, 'ريمون رشاد ', 'اسيوط', 11, '01288217405', '2022-04-09 22:19:16'),
(91, 243, 'ابوالدهب', 'شارع مسجد عمر بن الخطاب من شارع سليمان العربى بشتيل', 6, '01011061699', '2022-04-09 23:11:50'),
(92, 248, 'مكتب الاستاذ وائل جلال المحام', 'الدخيلة', 5, '01200255882', '2022-04-09 23:58:16'),
(93, 247, 'محمد علاء الدين عفيفي ', 'سوهاج _ البلينا _ ش البحر الاعظم', 24, '01007701455 ', '2022-04-10 01:04:32'),
(94, 255, 'الرياض للاستشارات القانونية ', 'البلينا ', 24, '٠١٠٠٤٣٥٤٦١٨', '2022-04-10 01:38:54'),
(95, 261, 'طلب ابراهيم ايوب', 'مركز بدر', 12, '01013783783', '2022-04-10 06:57:21'),
(96, 262, 'عطية جرجس بشاى ', 'Zahraa Al Maadi, Cairo Governorate, Egypt', 1, '٠١٢٢١٧٥٣٣٣٢', '2022-04-10 07:28:39'),
(97, 263, 'رمسيس للمحاماة والاستشارات القانونية ', '32 شارع عين شمس-حلمية الزيتون-خلف عمر افندي ', 1, '01114004030 - 01008894904', '2022-04-10 08:20:44'),
(98, 264, 'جون فكري مهني ', '22 شارع شبرا - روض الفرج ', 1, '01274363400', '2022-04-10 09:34:12'),
(99, 268, 'يوسف علاء الدين', 'مدينة نصر', 1, '01098201739', '2022-04-10 14:41:33'),
(100, 269, 'محمد على منصور', 'البلينا', 24, '01061748490', '2022-04-10 14:48:22'),
(101, 272, 'مكتب الأستاذ محمد اسماعيل انيس المحامي ', 'ميدان موقف الاوتوبيس بمدينة النهضة قسم السلام ثاني ', 1, '01112200803', '2022-04-10 17:06:08'),
(102, 273, 'El_rahman', 'Helwan', 1, '01066938314', '2022-04-10 20:14:09'),
(103, 238, 'ابو السيد', 'بني مزار', 18, '01143619608', '2022-04-10 22:08:25'),
(104, 281, 'ارض العمدة', 'ارض العمدة المعصرة ', 1, '01116096169', '2022-04-11 23:21:14'),
(105, 281, 'رشدي', 'شارع رشدي المعصرة ', 1, '01116096169', '2022-04-11 23:21:50'),
(106, 284, 'شريف رمضان فؤاد', 'الابراهيميه', 2, '01066477505', '2022-04-11 23:53:17'),
(107, 284, 'شريف رمضان فؤاد', 'الابراهيميه', 2, '01066477505', '2022-04-11 23:53:25'),
(108, 275, 'محمد محسن سعد', 'كورنيش النيل الاعصر التخصصي', 14, '٠١٠٠٢٧٧٧٢٢٩', '2022-04-12 00:13:31'),
(109, 285, 'مكتب /احمد كمال الدين محمد خضراوي', 'شارع الهلالي قسم ثان أسيوط', 11, '01004601139', '2022-04-12 03:07:32'),
(110, 287, 'المنى', '22ش 11عزبه ناصر شبرا الخيمه ثان القليوبيه', 1, '01142280372', '2022-04-12 12:25:40'),
(111, 288, 'محمد فريد البحراوي ', 'المعصرة حلوان ', 1, '01118595987', '2022-04-12 13:48:17'),
(112, 290, 'شريف احمد طبق', 'شرقيه مباشر الابراهميه', 2, '٠١١١٣٥٤٥٤١٧', '2022-04-12 17:13:40'),
(113, 291, 'شعبان محمد النجدي ', 'الصف حيزة', 6, '01118519131', '2022-04-12 17:26:18'),
(114, 295, 'مكتب وائل مجدي عبد الفتاح ', 'اسوان شارع كورنيش النيل ', 10, '01020480148', '2022-04-12 21:30:58'),
(115, 298, 'ممدوح رمضان سالم ', 'سوهاج', 24, '01008810410', '2022-04-13 01:58:17'),
(116, 301, 'الحمدون للاستشارات القانونية', 'الصوامعة غرب مركز طهطا ', 24, '01224922051', '2022-04-13 10:29:52'),
(117, 308, 'مكتب نصر الدين منصور للمحاماه', 'سوهاج مركز البلينا شارع ٢٦ يوليو ', 24, '٠١٢٢٤٨٠٦٧١٠ ', '2022-04-13 12:29:52'),
(118, 306, 'المستشار للمحاماة', '٥ شارع محمد عبد العاطى عزبة بخيت منشية ناصر القاهرة', 1, '01120849349 ', '2022-04-13 17:22:25'),
(119, 316, 'منة الله ناصر ', 'الجيزه ', 6, '0100', '2022-04-13 20:45:58'),
(120, 317, 'محمد', 'طهطا', 24, '01117955977', '2022-04-13 21:07:45'),
(121, 321, 'المستشار القانوني جمال عبدالناصر مهني ', 'طهطا سوهاج ', 24, '01114772060', '2022-04-14 00:59:09'),
(122, 324, 'نضال مندور ', 'شبين الكوم ', 4, '0482315948', '2022-04-14 02:32:27'),
(123, 326, 'مكتبي', 'طنطا كفر عصام', 3, '01115556014', '2022-04-14 07:17:52'),
(124, 324, 'العامر للمحاماة والاستشارات القانونية ', 'قويسنا ', 4, '01115976254', '2022-04-14 09:20:43'),
(125, 312, 'أكرم سيد المغمض', 'قليوب البلد ــ الاعجام ', 1, '01029968910', '2022-04-14 09:30:59'),
(126, 315, 'المستشار لأعمال المحاماه ', 'مركز طاميه شارع ٢٣ىوليو', 8, '01146361559', '2022-04-14 09:35:18'),
(127, 312, 'عباس عبد العزيز عباس نصير ', 'البساتين ', 1, '01029204068', '2022-04-14 09:42:21'),
(128, 328, 'العداله للاستشارات القانونيه واعمال المحاماه ', 'ابوحماد شرقيه ', 2, '01062120202', '2022-04-14 11:15:52'),
(129, 325, 'إسلام مسعود', 'كوم حمادة ', 12, '01096197563', '2022-04-14 11:23:20'),
(130, 329, 'سيد حنفى عيسى', 'عين الصيره ', 1, '+201100743240', '2022-04-14 12:21:56'),
(131, 337, 'محمد مجدي حواس', 'الرحامنه فارسكور دمياط', 14, '٠١٠٠٣٩٦٣٩٦٢', '2022-04-14 23:40:05'),
(132, 342, 'مكتب الشريف للمحاماه', 'مركز بنى مزار محافظة المنيا ', 18, '٠١١٤٠٣٤٣٠٩٠', '2022-04-15 02:15:02'),
(133, 170, 'محمد ابوالعنين زيدان', 'طنطا الغربيه', 3, '01008962828', '2022-04-15 17:19:59'),
(134, 345, 'محمد فهمى أحمد سلام ', 'قرية قصر بغداد مركز كفر الزيات محافظة الغربية ', 3, '01090808680 ', '2022-04-15 20:38:46'),
(135, 348, 'الجبالي للمحاماة ', 'بنى مزار ', 18, '01120407562', '2022-04-15 20:45:54'),
(136, 349, 'احمد رفعت', 'شارع المدارس ببا بني سويف', 13, '٠١٢٠٢٣١٠١٢٣', '2022-04-15 20:47:08'),
(137, 351, 'احمد فتحي ركبة ', 'العاشر من رمضان', 2, '01280046824', '2022-04-15 21:09:47'),
(138, 352, 'رزق عبد الجواد بركه', 'المحموديه  المنشيه شارع الدلتا امام البنك الزراعي المصرى', 12, '01558677784', '2022-04-15 21:11:04'),
(139, 353, 'زين العابدين ابوطالب الدالي ', 'ببا شار ع المستشفى  بني سويف ', 13, '01280999879 ', '2022-04-15 21:30:47'),
(140, 354, 'أحمد الشايب', 'مطاي- شارع الثورة', 18, '01010585128', '2022-04-15 21:42:08'),
(141, 355, 'صبري عبد العزيز السيد النجار ', 'ش المحكمة -امام محكمة كفرالدوار ', 12, '٠١٢٢٢٦٦٨٧٦٩', '2022-04-15 22:14:15'),
(142, 359, 'محمد', 'بني سويف ', 13, '٠', '2022-04-15 22:33:54'),
(143, 361, 'مكتب محمد الشيخ للمحاماه', 'مطاي بني مزار', 18, '01121850834', '2022-04-15 23:20:53'),
(144, 362, 'ايهاب رافت انور', 'ش ياسر الجهينى', 6, '01064929661', '2022-04-15 23:33:13'),
(145, 364, 'المستشار محمود السيد جاد ', 'كورنيش النيل حلوان القاهره ', 1, '01148555622', '2022-04-16 01:02:48'),
(146, 367, 'Lord\'s Office ', 'فيصل - الجيزة', 6, '01009017643 ', '2022-04-16 01:23:17'),
(147, 370, 'محمد حجاج', 'منياالقمح شرقيه', 2, '01121026972', '2022-04-16 02:09:21'),
(148, 371, 'مكتب تامر الدسوقي تعلب المحامي', 'عزبة الطوخي بام الرزق مركز، Kafr Saad City, Kafr Saad, Damietta Governorate, Egypt', 14, '01221120193', '2022-04-16 09:25:46'),
(149, 383, 'احمد عبد الحميد محمد مرعي', '3شارع احمد عبد اللطيف خلف مسجد الصفا والمروة', 1, '01117229910', '2022-04-16 15:21:27'),
(150, 390, 'البطل', 'ابو النمرس', 6, '01114190878', '2022-04-16 16:59:15'),
(151, 395, 'احمد علاء ', 'الفيوم', 8, '01007007492 ', '2022-04-16 20:04:57'),
(152, 397, 'مكتب الاستاذ / علي صفوت الخولي', 'مركز ادفو', 10, '01145286558', '2022-04-16 21:09:20'),
(153, 400, 'العداله للمحاماه والاستشارات القانونيه ', 'الفقاعي ببا بني سويف ', 13, '٠١٢٧٥٦٨٦١٦٤ ', '2022-04-16 22:58:33'),
(154, 393, 'المستشار شريف حسين المحامى بالنقض ', 'امبابه ', 6, '01099280028 ', '2022-04-16 23:13:12'),
(155, 393, 'المستشار شريف حسين ', 'امبابه ', 6, '01099280028 ', '2022-04-16 23:26:11'),
(156, 355, 'صبري عبد العزيز النجار ', 'امام محكمة كفرالدوار ', 12, '٠١١١٦٩٣٠٢٩٢', '2022-04-17 11:27:51'),
(157, 405, 'جلال الهواري ', '44عنتر حمزاوي مسجد الرحمن بشتيل اوسيم ', 6, '01097535570', '2022-04-17 15:43:22'),
(158, 407, 'مكتب الفريدة للمحاماة والاستشارات القانونية ', 'الشهداء ', 4, '٠١٠٩٣٥٨٥٤٥٢', '2022-04-17 16:25:37'),
(159, 410, 'أحمد عبد الحليم', 'الهوابر ديرب نجم ', 2, '01125044506', '2022-04-17 22:25:18'),
(160, 413, 'السبكي للمحاماه', 'ناهيا مركز كرداسه', 1, '٠١١١٦٥٠٣٠٨٠', '2022-04-18 00:00:11'),
(161, 416, 'المستشار', 'شبرا مصر ', 1, '01111592557', '2022-04-18 10:44:08'),
(162, 417, 'محمد وحيد', 'الرمل', 5, '01280220768', '2022-04-18 12:10:18'),
(163, 418, ' أحمد عبد الحليم', 'الهوابر ديرب نجم شرقيه', 2, '01125044506', '2022-04-18 13:50:35'),
(164, 422, 'عبدالتواب حسين ', 'سيلا ', 8, '01117340553', '2022-04-18 20:31:49'),
(165, 409, 'محمد سالم', '6شارع جابر الزعبلاوي ترسا الهرم محطة المطبعه', 6, '01010870793', '2022-04-18 21:41:45'),
(166, 424, 'الخير للمحاماه والاستشارات القانونيه', 'كوم حماده البحيره', 12, '01141376308', '2022-04-18 22:21:36'),
(167, 427, 'الافوكاتو ', 'طملاى منوف', 4, '0483687860', '2022-04-19 15:59:05'),
(168, 429, 'eslam saeed', 'مصر الجديده', 3, '01001010', '2022-04-20 07:25:28'),
(169, 430, 'حاتم ابو النصر', 'مدينة السلام المنصورة ', 7, '٠١٢١٢٧٥٢٥٥٠ ', '2022-04-20 09:29:23'),
(170, 431, 'القاسم', 'المنيا', 18, '01155855157', '2022-04-20 22:04:44'),
(171, 437, 'مكتب ايمن محمد بريشه', 'عزبه بريشه تبع قصر بغداد مركز كفر الزيات ', 3, '01069931730', '2022-04-22 12:15:25'),
(172, 303, 'محمد علي علي ', 'عمارات الاوقاف رقم ١ أسيوط المحطه', 11, '٠١٠٦٠٠٤٧٨٤٨', '2022-04-22 13:34:13'),
(173, 443, 'شاكر عبد السلام', 'أمام شارع نادي برطس', 6, '01009747184', '2022-04-25 15:06:59'),
(174, 450, 'محمدخالد غيث', 'ابوالمطامير', 12, '01000166026', '2022-04-25 22:55:33'),
(175, 446, 'عمر احمد المحامي', 'المطرية', 1, '01153765860', '2022-04-25 23:08:40'),
(176, 452, 'سالم النجريدى ', 'كفرالشيخ ', 3, '٠١٠١٢٠٠٠٧٦٤ ', '2022-04-25 23:30:19'),
(177, 454, 'احمد علي جاد', 'القاهرة حلوان', 1, '01003735337', '2022-04-25 23:48:06'),
(178, 454, 'احمد علي جاد', 'القاهرة حلوان', 1, '01003735337', '2022-04-25 23:48:12'),
(179, 455, 'معن', '434ش الترعة البولاقية الساحل القاهره', 1, '01001124223', '2022-04-25 23:56:24'),
(180, 456, 'مكتب محمد علاء سالم المحامي', 'بلقاس - دقهليه', 7, '01090272120', '2022-04-26 00:07:09'),
(181, 109, 'عيسوي ', 'الزقازيق ', 2, '٠١٠١٩١٨٥٨٩٥', '2022-04-26 14:11:22'),
(182, 448, 'خفاجة', 'الهانوفيل', 5, '01270870854', '2022-04-26 15:35:02'),
(183, 463, 'إيمان جمال', 'المعتمدية .الجيزة ', 6, '01157616818', '2022-04-26 16:00:23'),
(184, 468, 'علاء جاد', 'محرم بك', 5, '01555595708', '2022-04-26 22:54:44'),
(185, 471, 'المكتب الخاص ', 'شربين', 7, '01009720105', '2022-04-28 16:24:08'),
(186, 475, 'الاستاذ عبدالعظيم عزب مباشر المحامي', 'شارع محمد عزب مباشر حي الغمري مدينه القنايات محافظة الشرقية ', 2, '01020909980', '2022-04-28 17:01:35'),
(187, 477, 'العدالة ', 'منيالقمح ', 2, '0553621726', '2022-04-28 17:19:37'),
(188, 478, 'محمد حافظ عبدالعزيز', 'ابوقرقاص', 18, '01017952661', '2022-04-28 17:53:13'),
(189, 479, 'رضا وحيد حامد محمد', '11ش حنفي عيد من ش الملعب المعتمدية', 6, '01006961715', '2022-04-28 19:39:16'),
(190, 481, 'احمد صابر المحامى بالنقض', 'العاشر من رمضان بجوار مكتب بريد المجاوره الأولى', 2, '٠١٠٩٤٥٢٧٧٧٢', '2022-04-28 20:54:17'),
(191, 485, 'المشوره', 'السنطه', 3, '01002832708', '2022-04-28 23:45:30'),
(192, 486, 'العدل للمحاماة والاستشارات القانونية', 'الزقازيق', 2, '٠١٠٣٢٤٤٧٧١٧', '2022-04-28 23:51:36'),
(193, 487, 'الأمين للمحاماة والاستشارات القانونية ', 'دمنهور ميدان الساعة ', 12, '01000520245', '2022-04-28 23:58:22'),
(194, 488, 'وليد علي حسن', 'الوايلي ، القاهرة', 1, '٠١٢٨٤٣٣٣٧٦٠', '2022-04-29 00:05:16'),
(195, 496, 'السيسي للمحاماه', 'الدير طوخ قليوبيه', 1, '٠١٠٩٩٩٠٢١٤٢', '2022-04-29 02:16:29'),
(196, 496, 'رنيا مصطفي احمد عبدالعزيز', 'كفر الدير', 1, '٠١٠', '2022-04-29 02:17:23'),
(197, 498, 'اكرم ', '5شارع احمد صادق شبرا القاهره ', 1, '01011090593', '2022-04-29 02:26:07'),
(198, 502, 'محمد ', 'اسوان', 10, '01026225421', '2022-04-29 11:42:55'),
(199, 496, 'امال عبدالمنعم مصطفي ', 'شبين القناطر قليوبيه ', 1, '01008716280', '2022-04-29 11:58:03'),
(200, 496, 'عزت سيد سليمان السيسي', 'الدير طوخ قليوبية ', 1, '٠١٠٠٠313134', '2022-04-29 12:05:32'),
(201, 503, 'محمد حا4ظ عبدالعزيز', 'اتليدم ابوقرقاص', 18, '01017952661', '2022-04-29 12:14:13'),
(202, 496, 'احمد محمد شاهين شاهين', 'الدير', 1, '٠١٠٣٣٦٦٥٧١٨', '2022-04-29 12:20:49'),
(203, 506, 'الغطريفى ', 'مغاغه المنيا', 18, '01093093167', '2022-04-29 12:29:40'),
(204, 507, 'العدالة القانونية', 'شارع مصطفي باشا-بندر الفيوم', 8, '٠١٠٠٣٦٧٢٦٤٨', '2022-04-29 12:42:46'),
(205, 509, 'محمد فرج ', '١٣شارع احمد عبدالعال ارض الشركه الشراليه', 1, '01091338318', '2022-04-29 12:44:02'),
(206, 512, 'احمد عبد الرحمن', 'الفاهرة', 1, '٠١٠٠٧٢٠٣٢٥٥', '2022-04-29 13:09:47'),
(207, 514, 'المستشار /السيد يونس', 'ديرب نجم الشرقيه', 2, '01016907202', '2022-04-29 13:43:01'),
(208, 519, 'محمد أحمد صبره ', 'شارع المطافي القديم بني مزار ', 18, '01006762685', '2022-04-29 13:51:00'),
(209, 516, 'خليل', 'الشرقيه', 2, '٠٥٩٥٢٩٨١٩١', '2022-04-29 14:01:30'),
(210, 520, 'الطيب للمحاماه', 'بنى رافع.  منفلوط', 11, '٠١٠٠٢٠٤٦٢٨٧', '2022-04-29 14:03:42'),
(211, 521, 'حازم شتيه وجاكلين داود المحاميان بالنقض ', 'شارع الفاتح _ابراج الرياض _برج E_ الدور التاسع', 3, '01016169094', '2022-04-29 14:24:15'),
(212, 518, 'صنوفي', 'الشرقية جنوبي', 2, '٨٧٧٧٧٧', '2022-04-29 14:39:43'),
(213, 518, 'عبير', 'دويلعة ', 1, '٤٧٢٩١٧٥', '2022-04-29 14:42:33'),
(214, 524, 'لطفي قاسم ', 'مركز بلقاس البنزيمه حفير شهاب الدين ', 7, '01010628561', '2022-04-29 15:41:22'),
(215, 517, 'المستشار خالد العمري', 'الخطاطبه ', 4, '01223116070', '2022-04-29 16:04:19'),
(216, 527, 'العداله', 'بهوت', 7, '٠١٠٠١٨٧٧٥٦٠', '2022-04-29 16:18:20'),
(217, 528, 'احمد بدر لبيب المحاماه ', '٨٩ ش ممفيس الإبراهيميه باب شرق', 5, '٠١٠٠٠٦٤٥٩٧٦ ', '2022-04-29 17:15:27'),
(218, 530, 'ال عيطه للمحاماه والاستشارات القانونيه ', 'فارسكور ـ خلف مركز شرطه فارسكور ', 14, '01000180314', '2022-04-29 17:44:49'),
(219, 529, 'مكتب بنها', 'بنها ش العادلي', 1, '٠١٠٦٩٧١٥٧١٥ ', '2022-04-29 17:54:16'),
(220, 531, 'شركة محاماة الاستاذين بوقرن توفيق و موفق نورالدين ', 'حي 750 مسكن سطيف ', 1, '0771279882 ', '2022-04-29 18:14:42'),
(221, 522, 'مستشارك', '181ش جمال عبدالناصر سيدي بشر', 5, '01000707546', '2022-04-29 18:34:53'),
(222, 534, 'الفؤاد للمحاماة والاستشارات القانونية ', '10 شارع عبد المنعم حنفي كورنيش النيل حلوان ', 1, '01010988025', '2022-04-29 18:44:54'),
(223, 537, 'حسن عطيه المحامي', 'ش محمد عبده فارسكور ', 14, '٠١٢٧٤٩٦٣٧١٤', '2022-04-29 20:15:15'),
(224, 541, 'محمد محمود ', '8 شارع بلبيس م الجديدة ', 1, '010 040 42160 ', '2022-04-29 21:01:55'),
(225, 542, 'الحصري لتحصيل الديون ', 'الابراهيمية ', 2, '0097477275060', '2022-04-29 21:58:56'),
(226, 538, 'السيد سعد عبدربه', 'شارع المديريه برج عباد الرحمن الدور السابع علوى طنطا أول', 3, '٠١٠٣٨٥٤٥٠٢', '2022-04-29 22:51:10'),
(227, 545, 'ضياء مرعى ', 'نجع حمادي ', 22, '01004510311', '2022-04-29 23:13:16'),
(228, 549, 'مكتب الاستاذ احمد شلبي المحامي', 'العزيزه مركز المنزله', 7, '01208858057', '2022-04-30 00:51:05'),
(229, 551, 'مكتب الأستاذ محمد سامى المحامي بالاسئناف العالى ومجلس الدولة', '3ش العروبة الغربي ديرب نجم', 2, '01000479948', '2022-04-30 01:52:43'),
(230, 552, 'مكتب عمر مصطفي عمر', 'شارع بور سعيد- بجوار مستشفي السلام وموقف مصر- مركز ديرو', 11, '01114183135', '2022-04-30 01:57:51'),
(231, 557, 'مكتب أحمد الزين المحامي ', 'ميت غمر', 7, '٠١٠٠٦٥٧٦٠٢٠', '2022-04-30 12:04:17'),
(232, 560, 'التوأم للمحاماة ', '١٣ شارع جامع السعدني بهتيم شبرا الخيمه ثاني القليوبية ', 1, '٠١٠٩٠٦٧٦٦٦٠', '2022-04-30 14:27:35'),
(233, 561, 'روماني إسحق راسم', 'شارع السكه الحديد منشيه الجزائر مركز مغاغه محافظه المنيا ', 18, '01008806363', '2022-04-30 14:43:32'),
(234, 566, 'هانى عبدالعزيز للمحاماه والاستشارات القانونية ', 'ش السويس القنطره غرب ', 15, '01090938398', '2022-04-30 15:21:18'),
(235, 568, 'ال مسعود لأعمال المحاماه والاستشارات القانونيه ', 'الرحاب ثاني المنتزه الاسكندريه ', 5, '01223801128', '2022-04-30 17:33:07'),
(236, 569, 'الخبير', '10 مساكن المظلوم الجديدة الشرابية القاهرة', 1, '01152387747', '2022-04-30 19:10:34'),
(237, 570, 'Alhosary for debet collection', 'Alibrahemia', 2, '0097477275060', '2022-04-30 19:24:48'),
(238, 571, 'أحمد سامي للمحاماه والاستشارات القانونية', 'ساقية أبو شعرة مركز أشمون المنوفية', 4, '01014960960', '2022-04-30 19:31:45'),
(239, 473, 'محمد خليفه المحامى بالنقض', '٢٢شارع النزهه بندر بنى مزار', 18, '٠١٠٠٨٨٤٠٣٦٥', '2022-04-30 21:08:33'),
(240, 579, 'الحقانيه للمحاماه و الاستشارات القانونيه للاستاذ احمد محمد رزق المحامي', '1ش التقوي مساكن السعوديه', 1, '0226035558', '2022-05-01 08:57:13'),
(241, 525, 'الاصدقاء للمحاماه والاستشارات القانونية', 'مركز الإبراهيمية ', 2, '01015373388 / 01090551418', '2022-05-01 09:52:15'),
(242, 581, 'صلاح', 'الوقف.قنا', 22, '01063303727', '2022-05-01 13:32:47'),
(243, 583, 'المكتب الدولي للمحاماة', 'مركز ديرمواس', 18, '01097775908', '2022-05-01 16:01:29'),
(244, 575, 'احمد علي', 'بني سويف', 13, '٠١٢٢٨٧٩١٥٨٢', '2022-05-01 17:50:22'),
(245, 587, 'مني جابر ', 'الفشن شارع الجيش ', 13, '01140131017', '2022-05-02 10:30:29'),
(246, 588, 'مؤسسه القائد', 'السنبلاوين حي النخل خلف المحكمة', 7, '01018563838', '2022-05-02 12:43:24'),
(247, 589, 'مكتب المستشار / بيشوي ادور فهمي', 'خلف ٤٠ متفرع من جمال عبد الناصر سيدي بشر بحري', 5, '٠١٢٨٨٧٧٢٩٨٧', '2022-05-02 13:11:01'),
(248, 590, 'خالد ابوغدارة ', 'سوهاج -اخميم.ش احمد ماهر', 24, '01146484970', '2022-05-02 15:07:24'),
(249, 593, 'Alhosary debit collection', ' 8z', 1, '0097477275060', '2022-05-02 23:09:28'),
(250, 600, 'البراء للمحاماة والاستشارات', 'حدائق الاهرام', 6, '01147156975', '2022-05-04 21:04:45'),
(251, 600, 'مجموعة جاستس الدولية للاستشارات', 'حدائق الاهرام', 6, '0151066064', '2022-05-04 21:07:45'),
(252, 603, 'محمد جراد للمحاماه والاستشارات القانونية ', 'الاسماعيلية ابوصوير', 15, '01061859658', '2022-05-06 15:23:32'),
(253, 604, 'وليد الطيب المحامى ', 'بنى رافع . منفلوط.  اسيوط', 11, '٠١٠٠٢٠٤٦٢٨٧', '2022-05-06 16:58:47'),
(254, 607, 'محمد جراد رئيس المكتب ', 'ابوصوير', 15, '01061859658', '2022-05-07 18:04:21'),
(255, 601, 'مصطفى جمعه ', 'فيصل ', 1, '٠١٢٢٣٦٣٢٤٨٠', '2022-05-08 20:20:28'),
(257, 611, 'عبداللطيف عبدالسلام المحامى ', 'اشروبه بني مزار ', 18, '٠١٠٩٤٥٠٥٩٢٥ ', '2022-05-11 19:51:58'),
(258, 106, 'مصر الجديده', 'مصر الجديده', 1, '01001010', '2022-05-11 20:19:49'),
(259, 114, 'عيسوي ', 'رزرزرز', 2, '٩٢٩٢٣٩٣٨٨', '2022-05-11 22:03:28'),
(260, 109, 'الزقازيق', 'الزقازيق', 2, '0552126449', '2022-05-13 13:04:03'),
(261, 496, 'محمد احمد سعيد ', 'الدير ', 1, '٠١٠', '2022-05-14 01:22:53'),
(263, 615, 'مكتب : سامى عبدالعزيز أبوالسد', 'دسوق م كفرالشيخ', 16, '01003326331', '2022-05-14 09:51:46'),
(264, 619, 'محمد ماهر', 'شارع المركز التجاري الاسلامى', 24, '01096491919', '2022-05-15 13:21:55'),
(265, 621, 'برباس للمحاماه والاستشارات القانونيه', 'ش٨ متفرع من شارع احمدأحمد عبد الوهاب الرأس السوداء ', 5, '01211506975', '2022-05-16 12:38:26'),
(266, 616, 'اشرف ربيع', 'شركة المقاولات المصريه (مختار ابراهيم)', 6, '٠١٠٠٨٣٣٠٠١٣', '2022-05-16 20:56:22'),
(267, 623, '⚖️ النمس للمحاماةوالاستشارات القانونية⚖️', 'محور المحمودية-الرمل _الاسكندرية', 5, '01210426651', '2022-05-18 07:29:14'),
(268, 624, 'محمود ابو الفضل على', 'ش بور سعيد - كوم امبو ', 10, '٠١١١٩١١٧٢٤٩', '2022-05-18 12:28:44'),
(269, 628, 'احمد حازم الشيمي', 'سنورس الفيوم ', 8, '01004494570', '2022-05-19 13:00:04'),
(270, 629, 'اسلام المصري ', 'القليوبيه شبرا الخيمه ', 1, '01151979929', '2022-05-19 13:16:56'),
(271, 632, 'الرفاعي', 'محافظة البحيرة مركز كوم حمادة قرية  واقد ', 12, '٠١٠٢٣٣٩٧١١٦', '2022-05-19 13:47:39'),
(272, 634, 'عمرو محمد ', '١٤ ش الشيخ عبدالله', 1, '٠١٢٧٠٥٠٦٠٦٨', '2022-05-19 14:18:44'),
(273, 637, 'صلاح البكري المحامي ', 'الرمل ثان ', 5, '01211092669 ', '2022-05-19 15:15:33'),
(274, 643, 'مؤسسة المحاماة. بسام فاروق المحامى', 'شارع الكنيسة', 18, '٠١٠٦٥٠٤١٠١٢ ', '2022-05-19 16:27:50'),
(275, 649, 'الاستاذ / محمود عبد الكريم البحراوي', 'الابراهيميه الشرقيه', 2, '01014689631', '2022-05-19 20:19:09'),
(276, 653, 'أحمد الدوي', 'الابراهيميه شرقيه', 2, '01014156603', '2022-05-19 21:23:28'),
(277, 660, 'الكومي للاستشارات القانونية وأعمال المحاماة ', 'مركز بدر - البحيرة ', 12, '٠١٠١٦٠٩٨٥٦١', '2022-05-20 08:08:23'),
(278, 664, 'مكتب صبرى رضوان المحامى بالإستئناف العالى ومجلس الدولة ', 'أبو غالب منشأة القناطر ', 6, '٠١٠٦٣٠٩٤٢٢٩', '2022-05-20 17:17:52'),
(279, 669, 'حازم شاهين', 'العدوه شارع المحكمه', 18, '01114427196', '2022-05-20 23:45:23'),
(280, 670, 'مؤسسة العداله ', 'اس', 4, '01145150315', '2022-05-20 23:59:18'),
(281, 671, 'فاروق عبد الفتاح جادو ', 'بهبشين مركز ناصر محافظة بني سويف ', 13, '01225202611', '2022-05-21 00:11:15'),
(282, 657, 'عبدالوهاب مصطفي البربري ', 'ش الرحمه المنتزة ثالث الإسكندرية ', 5, '01128474919', '2022-05-21 12:51:41'),
(283, 675, 'مكتب الاستاذ  طه شعبان ', 'القايات. العدوه ', 18, '٠١١٤٧٠٨٤٨٢٣', '2022-05-21 14:55:34'),
(284, 678, 'روجيه عدلي', 'السكه القديمه ', 7, '01004063350', '2022-05-21 20:54:03'),
(285, 617, 'المستشارة القانونية ', '٢ شارع الثورة متفرع من شارع الجمهورية أمام كهربائي الشروق المرج الجديدة ', 1, '٠١١٤٠٤٢٩١٦٤', '2022-05-22 17:33:13'),
(286, 684, 'محمد الطرنجي', 'ش مصطفي كامل امتداد ش ٤٥ المنتزة ', 5, '01008106412', '2022-05-23 07:42:50'),
(287, 684, 'KANDEEI', 'ش سلمان الفارسي العصافرة بحري ', 5, '01097778312', '2022-05-23 07:43:46'),
(288, 685, 'Samir El-Shamy ', '300A - 5th settlement  - New Cairo  , Cairo ', 1, '01008088992', '2022-05-23 10:19:51'),
(289, 683, 'أحمد حجازي ', 'ش المحكمه السنطه غربيه', 3, '٠١٠٩٩٩٧٧٧٧٥', '2022-05-23 10:21:36'),
(290, 693, 'الرضوان لأعمال المحاماه والاستشارات القانونيه', '31شارع مجمع الرحمن طلخا دقهليه', 7, '01096420204', '2022-05-23 15:25:39'),
(291, 690, 'شومان للمحاماة ', 'مشتول السوق ', 2, '٠١٠١٤٠٥١٥٢٨', '2022-05-23 17:26:55'),
(292, 696, 'عيد الأحمر ', 'الحسينيه ', 2, '01033375891', '2022-05-23 18:00:24'),
(293, 699, 'مكتب عزة محمد علي الالفي', 'كفر دميرة الجديد /طلخا ', 7, '01096908459', '2022-05-23 20:20:54'),
(294, 707, 'ناجى على', 'المحلة الكبرى المنشية الجديدة شارع صلاح سالم', 3, '٠١١٥٢٩٤٤٤٨٢', '2022-05-24 00:51:49'),
(295, 708, 'الكامل للمحاماه والاستشارات القانونية ', '29شارع مصنع النسيج الشرابية ', 1, '01223486363', '2022-05-24 03:54:10'),
(296, 709, 'إسلام هنداوي المحامي ', 'شارع البطل أحمد عبد العزيز مركز الخانكه محافظة القليوبية ', 1, '01157506969', '2022-05-24 05:57:22'),
(297, 722, 'رشدي مريكب', 'الخليفه المأمون ', 16, '٠١٠١٨٢٥٥٠٩٨', '2022-05-24 08:47:20'),
(298, 728, 'خالد لكومي ', 'شارع مجلس المدينه دار السلام سوهاج ', 24, '٠١٠٠٥٨٥٤٥٤٧', '2022-05-24 10:18:03'),
(299, 692, 'احمد مصطفي ', 'تقسيم ابو الليل أول المنصورة ', 7, '01028430433', '2022-05-24 10:40:07'),
(300, 731, 'شريف ظريف', '١٨ شارع المنظرة ', 1, '01280509059', '2022-05-24 11:05:12'),
(301, 735, 'هشام جمال رمضان ', 'مجمع محاكم المحلة الكبري ', 3, '01065383408 ', '2022-05-24 12:10:41'),
(302, 589, 'مكتب المستشار بيشوي ادور فهمي ', 'خلف ٤٠ متفرع من جمال عبد الناصر سيدي بشر بحري اول المنتزه', 5, '٠١٢٨٨٧٧٢٩٨٧', '2022-05-24 13:13:14'),
(303, 703, 'مكتب المستشار مايكل موريس', '4 ش اللبيني فيصل ', 6, '+201224785637', '2022-05-24 13:47:36'),
(304, 757, 'مكتب أبوطالب لأعمال المحاماه ', 'شارع المركز الاجتماعي ميدان أبوطالب المرج القاهرة ', 1, '٠١١٤١٩٨٢٩٣١', '2022-05-24 13:56:26'),
(305, 751, 'شريف النياد', '١٥ ب برج اللؤلؤة ميدان سراي القبة', 1, '٠١١٢٢٦٦٧٧٤٤', '2022-05-24 14:01:02'),
(306, 759, 'خليل محمد خليل', 'المنزلة', 7, '01028362696-01228998012', '2022-05-24 14:06:53'),
(307, 760, 'مكتب الصادق للاستشارات القانونيه', 'ديروط', 11, '01099818620', '2022-05-24 14:10:12'),
(308, 763, 'محمد احمد النقيب', 'لقانه مركز شبراخيت البحيرة', 12, '01033224017', '2022-05-24 14:12:42'),
(309, 761, 'محمد العلوي ', 'ديرمواس ', 18, '01094747740', '2022-05-24 14:15:29'),
(310, 769, 'محمدعبدالمطلب', 'بلاد المال قبلى', 22, '01064720788', '2022-05-24 15:10:41'),
(311, 767, 'محمد زين الدين', 'ايتاي البارود', 12, '01004035839', '2022-05-24 15:10:54'),
(312, 772, 'احمد يونس للمحاماه', 'طامية ', 8, '01002165432', '2022-05-24 15:28:31'),
(313, 775, 'حكيم', '٣٣ش الإصبع الزيتون ', 1, '٠١٠٠٦٩٢٩٧١٨', '2022-05-24 15:43:31'),
(314, 777, 'محمد السلامونى ', 'المحله الكبرى ', 3, '٠١٠٢٥٣٦٤٥٣٥', '2022-05-24 15:48:04'),
(315, 779, 'محمد عبد الفتاح مصطفى', 'برج 8 ابراج المدينة المنورة', 1, '01093999066', '2022-05-24 15:55:36'),
(316, 785, 'هاني الهلالي', '1 شارع محمد بكر بخيت الإمام الغزالي إمبابة الجيزة', 6, '01124629806', '2022-05-24 16:21:57'),
(317, 780, 'ابوياسين', 'ميت غمر', 7, '01277707190', '2022-05-24 16:26:54'),
(318, 786, 'العدالة للمحاماه والاستشارات القانونية ', 'السلام القاهرة ', 1, '01007725563', '2022-05-24 16:27:13'),
(319, 789, 'أحمد حسين', 'ش جعفر والى المطرية القاهرة', 1, '01154590687', '2022-05-24 16:29:45'),
(320, 794, 'أشرف الخولي ', 'الجمالية دقهلية ', 7, '٠١٠٠٠٩٣٦٩٢٦', '2022-05-24 16:52:03'),
(321, 796, 'محمد فهني عز', 'فاقوس المنشية الجديدة', 2, '01027229228', '2022-05-24 16:57:02'),
(322, 772, 'وليد معوض للمحاماه ', 'طامية ', 8, '01002165432', '2022-05-24 17:07:09'),
(323, 799, 'مصطفى جمال الدين محمد', 'بنى مزار - ش الجمهورية', 18, '01004237882', '2022-05-24 17:16:37'),
(324, 801, 'مصيلحي', 'م نصر', 1, '01119333339', '2022-05-24 17:42:20'),
(325, 803, 'مي مؤمن المهدي', 'الجديده  شارع الصعيدي الجديد', 14, '01021820365', '2022-05-24 17:53:02'),
(326, 804, 'مصطفى سعد امام', 'المنيب الجيزة', 6, '01119960980', '2022-05-24 18:01:53'),
(327, 788, 'عبد السميع حشيش', 'منوف', 4, '01014822880', '2022-05-24 18:05:26'),
(328, 807, 'مكتب محمود مسعد ', 'طوخ القليوبيه ', 1, '01019934928 ', '2022-05-24 18:15:05'),
(329, 806, 'علاء عثمان', 'المرج ', 1, '٠١١٢٠٧٨٠٨٠٤', '2022-05-24 18:15:47'),
(330, 808, 'العز', 'بني سويف', 13, '01000189851', '2022-05-24 18:19:39'),
(331, 809, 'Tahaelzeky ', 'دمياط الجديدة ', 14, '01061010995', '2022-05-24 18:22:34'),
(332, 741, 'حسني المناعي ', 'العشرين فيصل ', 6, '+201111985787', '2022-05-24 18:44:49'),
(333, 812, 'صبرى احمد ', '41 ش الاسكندر الاكبر - الازاريطه ', 5, '01222162914', '2022-05-24 19:08:07'),
(334, 818, 'مكتب الاستاذ احمد رمضان طلحة المحامي', 'سيدي سالم ـ كفر الشيخ', 16, '01092804585', '2022-05-24 19:23:30'),
(335, 820, 'الاستاذ عمري عبدالنبي', 'الدلنجات', 12, '٠١٠٩٥٦٢٩٤٩٠', '2022-05-24 19:56:55'),
(336, 823, 'رجب عجمي المحامي ', 'الفيوم', 8, '٠١٠٣٣٥٥٣٧٦٧', '2022-05-24 20:31:38'),
(337, 782, 'عمرو موسي', 'ديروط', 11, '٠١١١٢١٧٤٣٠٣', '2022-05-24 20:49:15'),
(338, 831, 'Muhamed Moharam', 'شارع مصطفى كامل', 7, '01008298998', '2022-05-24 21:05:02'),
(339, 743, 'حاتم علام ', 'تلا المنوفيه ', 4, '01012542178', '2022-05-24 21:05:50'),
(340, 838, 'السحلي للاستشارات القانونية ', 'محله مرحوم', 3, '01120336096', '2022-05-24 22:15:52'),
(341, 843, 'الوحيدى للمحاماة', 'التل الكبير', 15, '٠١٢٧٦٧٠١٧٢١', '2022-05-24 22:35:29'),
(342, 844, 'أحمد جصطن ', 'زفتي محافظة الغربية ', 3, '01222844866', '2022-05-24 22:36:41'),
(343, 846, 'فارس مسعود', 'زاويه مسلم ', 12, '01014818485', '2022-05-24 22:37:21'),
(344, 849, 'محمد البرديسي محام بالنقض', 'المنصورة دقهلية', 7, '٠١٠٦٨٦٠٨٧٣٠', '2022-05-24 22:43:24'),
(345, 851, 'مكتب الوسام لاستشارات القانونية', 'المنزله شارع المحطه', 7, '01287745280', '2022-05-24 22:51:10'),
(346, 726, 'العمدة للمحاماة ', 'الاحايوة شرق مركز اخميم سوهاج ', 24, '01111214000', '2022-05-24 22:54:20'),
(347, 854, 'أحمد البنداري ', 'مركز الدلنجات ', 12, '01093632009', '2022-05-24 23:02:05'),
(348, 855, 'مكتب احمد حمادة', 'ابوحمص', 12, '01110246951', '2022-05-24 23:05:15'),
(349, 861, 'الحمد', 'العياط', 6, '01153921539', '2022-05-25 05:53:44'),
(350, 872, 'المستشار السيد العريني', 'ابو يوسف العجمي ', 5, '01009110042', '2022-05-25 08:07:55'),
(351, 877, 'احمد حجاج', 'حاجر بني سليمان مركز بني سويف', 13, '01204448826', '2022-05-25 09:15:22'),
(352, 878, 'مكتب جوزيف جمال المحامي', 'قنا -نجع حمادي -ش15مايو', 22, '01276997007', '2022-05-25 09:27:08'),
(353, 881, 'ابراهيم سعيد الجزار', 'قليوب القليوبيه', 1, '01225567702', '2022-05-25 09:59:49'),
(354, 882, 'الجوهرى المحاماه والاستشارات القانونيه', 'زفتى 8شارع المحكمه', 3, '01062832328', '2022-05-25 10:09:46'),
(355, 866, 'مايكل سمير ', 'المرج ', 1, '٠١٠٣٠٩٣٦٦٦٧ ', '2022-05-25 10:47:41'),
(356, 875, 'مكتب يوسف محمد ', 'مدينه تمى الامديد بجوار محكمه تمى الامديد ', 7, '01090090958', '2022-05-25 11:09:13'),
(357, 885, 'السيد البدري المحامي بالنقض', 'شارع درب الابشيهي من شارع المديرية اول طنطا', 3, '٠١٢٠٠٨٥٩١٤٠', '2022-05-25 12:39:03'),
(358, 898, 'رفيق', '٤٠ شارع محمد سيد احمد حلوان ', 1, '٠١٢٨٤٧٠٢٠٠٤', '2022-05-25 18:21:04'),
(359, 901, 'حسام حسن', 'كوم حماده', 12, '01009897535', '2022-05-25 19:09:08'),
(360, 903, 'الامل ', 'دمنهور ', 12, '01007653628', '2022-05-25 19:20:58'),
(361, 733, 'Mostafa', 'البحر الاحمر', 23, '01550437388', '2022-05-26 06:36:56'),
(362, 907, 'حمزة', 'كفر شكر قليوبيه', 2, '01003342978', '2022-05-26 10:16:46'),
(363, 908, 'بدر عبدالرؤوف مخلوف ', 'حدائق القبه ', 1, '٠١٠٠٤٢٠٩٧٨١ ', '2022-05-26 13:25:10'),
(364, 915, 'الثابت للاستشارات القانونية', '4ش محمد سعد مدينة التعاون-شبرا الخيمة ', 1, '01210410439', '2022-05-26 14:49:54'),
(365, 913, 'محمد حسن ', '٤ش حامد شعراوي بجوار مدرسة البيان الخاصة الحوامدية ', 6, '٠١١٤٤٧٦٧١٠٤', '2022-05-26 14:54:24'),
(366, 918, 'ديكارت', '٦ جواد حسني', 1, '01146887329', '2022-05-26 15:52:09'),
(367, 916, 'AZ', 'Smouha', 5, '01210011037', '2022-05-26 16:26:41'),
(368, 919, 'Zeinab', 'فارسكور', 14, '01095913401', '2022-05-26 16:35:26'),
(369, 925, 'عرفه احمد تهامى محمود ', 'نقاده قنا', 22, '٠١٠٦٦٢٤٣٧٩٢', '2022-05-27 07:12:53'),
(370, 928, 'محمد أحمد السيد على', 'الهجارسة - كفرصقر - شرقية', 2, '01096496493', '2022-05-27 11:16:24'),
(371, 931, 'وليد باتع', '٥٠ش مجلس الشعب ', 1, '01029814835', '2022-05-27 13:15:09'),
(372, 396, 'حسام محمد دياب', 'تلا - شارع المحكمة', 4, '01099939222', '2022-05-27 13:30:18'),
(373, 929, 'مكتب اسامه راشد', 'أطفيح', 6, '01141057343', '2022-05-27 13:51:02'),
(374, 932, 'ابراهيم الدبور', 'طلخا طريق بلقاس', 7, '01009499946', '2022-05-27 14:00:37'),
(375, 934, 'عماد موسي بلابل ', 'السيوف', 5, '01062717540', '2022-05-27 17:21:40'),
(376, 935, 'احمد محمد السعيد ', 'طوخ - القليوبية ', 1, '01222990995', '2022-05-27 19:49:57'),
(377, 807, 'وحيد صلاح', 'طوخ قليوبية ', 1, '01019934928 ', '2022-05-28 10:01:26'),
(378, 939, 'احمد ناجح عطا لأعمال المحاماه', 'السعادات مركز بلبيس شرقيه', 2, '01061521305', '2022-05-28 13:33:00'),
(379, 936, 'محمد ابراهيم', 'مركز فاقوس', 2, '01007510723', '2022-05-28 15:46:56'),
(380, 942, 'ال فوده للاستشارات القانونية', 'شارع الوحده امبابه الجيزه', 6, '01558777906', '2022-05-29 00:21:48'),
(381, 943, 'إبراهيم أبو رحمه للمحاماه ', 'بنى زار- سوهاج ', 24, '٠١١٠١١٤١٦٤٩', '2022-05-29 11:17:53'),
(382, 928, 'محمد السيد ', 'كفرصقر', 2, '01096496493', '2022-05-29 14:56:21'),
(383, 938, 'خالد محمد سالم', 'طوخ/القليوبيه', 1, '01206062404', '2022-05-29 19:46:11'),
(384, 731, 'البير اسحق المحامى ', '٣٧ شارع الترعة البولاقية شبرا ', 1, '٠١٠٧٣٠٥٣٢٣', '2022-05-30 10:46:24'),
(385, 947, 'مؤسسة العداله القانونية ', 'مدينة النوباريه الجديده ', 12, '٠١٠٩٥٣٩٧٥٩٥ ', '2022-05-30 17:14:11'),
(386, 952, 'باسم عثمان ', 'مشتول السوق', 2, '01000367099 ', '2022-05-31 09:50:46'),
(387, 618, 'العدل', 'سوريا ـ حلب ـ شارع النيل ', 1, '٠٠٩٦٣٩٤٤٤٦٩٣٤٦', '2022-06-01 17:21:12'),
(388, 618, 'العدل', 'سوريا ـ حلب ـ شارع النيل ', 1, '٠٠٩٦٣٩٤٤٤٦٩٣٤٦', '2022-06-01 17:21:16'),
(390, 957, 'فرع الامارات', 'دبي', 5, '0566938591', '2022-06-01 21:27:14');

-- --------------------------------------------------------

--
-- Table structure for table `prepare_papers`
--

CREATE TABLE `prepare_papers` (
  `id` int(11) NOT NULL,
  `user_id` int(22) NOT NULL,
  `statement` varchar(800) NOT NULL,
  `image` varchar(800) NOT NULL,
  `date_created` timestamp NOT NULL DEFAULT current_timestamp()
) ENGINE=InnoDB DEFAULT CHARSET=utf8mb4;

-- --------------------------------------------------------

--
-- Table structure for table `problems`
--

CREATE TABLE `problems` (
  `id` int(11) NOT NULL,
  `member_id` int(11) NOT NULL,
  `provinces_id` int(11) NOT NULL,
  `address` varchar(800) NOT NULL,
  `problem` text NOT NULL,
  `problem_st` int(11) NOT NULL DEFAULT 1,
  `date_created` timestamp NOT NULL DEFAULT current_timestamp()
) ENGINE=InnoDB DEFAULT CHARSET=utf8mb4;

--
-- Dumping data for table `problems`
--

INSERT INTO `problems` (`id`, `member_id`, `provinces_id`, `address`, `problem`, `problem_st`, `date_created`) VALUES
(5, 2, 10, 'مركز بلبيس', 'شخصيه', 1, '2023-01-07 14:16:16');

-- --------------------------------------------------------

--
-- Table structure for table `provinces`
--

CREATE TABLE `provinces` (
  `id` int(11) NOT NULL,
  `provinces` varchar(800) NOT NULL,
  `provinces_st` int(11) NOT NULL DEFAULT 1,
  `date_created` timestamp NOT NULL DEFAULT current_timestamp()
) ENGINE=InnoDB DEFAULT CHARSET=utf8mb4;

--
-- Dumping data for table `provinces`
--

INSERT INTO `provinces` (`id`, `provinces`, `provinces_st`, `date_created`) VALUES
(1, 'القاهرة', 1, '2021-11-27 01:07:50'),
(2, 'الشرقية', 1, '2021-11-27 01:11:27'),
(3, 'الغربيه', 1, '2021-12-16 12:07:42'),
(4, 'المنوفيه', 1, '2022-01-20 02:49:45'),
(5, 'الاسكندرية', 1, '2022-03-28 10:54:31'),
(6, 'الجيزة', 1, '2022-03-28 10:54:55'),
(7, 'الدقهلية', 1, '2022-03-28 10:55:32'),
(8, 'الفيوم', 1, '2022-03-28 10:56:00'),
(9, 'الاقصر', 1, '2022-03-28 10:56:13'),
(10, 'اسوان', 1, '2022-03-28 10:56:22'),
(11, 'اسيوط', 1, '2022-03-28 10:57:31'),
(12, 'البحيرة', 1, '2022-03-28 10:57:39'),
(13, 'بني سويف', 1, '2022-03-28 10:57:51'),
(14, 'دمياط', 1, '2022-03-28 10:58:04'),
(15, 'الاسماعيلية', 1, '2022-03-28 10:58:47'),
(16, 'كفر الشيخ', 1, '2022-03-28 10:58:57'),
(17, 'مطروح', 1, '2022-03-28 10:59:11'),
(18, 'المنيا', 1, '2022-03-28 10:59:26'),
(19, 'الوادي الجديد', 1, '2022-03-28 11:00:00'),
(20, 'شمال سيناء', 1, '2022-03-28 11:00:12'),
(21, 'بورسعيد', 1, '2022-03-28 11:00:28'),
(22, 'قنا', 1, '2022-03-28 11:00:36'),
(23, 'البحر الاحمر', 1, '2022-03-28 11:00:58'),
(24, 'سوهاج', 1, '2022-03-28 11:01:08'),
(25, 'السويس', 1, '2022-03-28 11:01:25'),
(26, 'جنوب سيناء', 1, '2022-03-28 11:01:35'),
(27, 'القليوبية', 1, '2022-06-08 18:02:18'),
(28, 'ليبيا', 1, '2022-06-17 11:03:27'),
(29, 'السودان', 1, '2022-06-17 11:03:39'),
(30, 'سوريا', 1, '2022-06-17 11:03:47'),
(31, 'العراق', 1, '2022-06-17 11:03:54'),
(32, 'الجزائر', 1, '2022-06-18 23:10:10'),
(33, 'تونس', 1, '2022-06-18 23:10:28'),
(34, 'الكويت', 1, '2022-06-18 23:10:40');

-- --------------------------------------------------------

--
-- Table structure for table `tickets`
--

CREATE TABLE `tickets` (
  `id` int(11) NOT NULL,
  `ticket_st` int(11) NOT NULL DEFAULT 1,
  `office_id` varchar(22) NOT NULL,
  `user_id` int(22) NOT NULL,
  `case_number` varchar(800) NOT NULL,
  `year` varchar(22) NOT NULL,
  `inventory_number` varchar(800) NOT NULL,
  `nventory_years` varchar(800) NOT NULL,
  `client` varchar(800) NOT NULL,
  `client_adjective` varchar(225) NOT NULL,
  `client_address` varchar(225) NOT NULL,
  `discount` varchar(225) NOT NULL,
  `discount_adjective` varchar(225) NOT NULL,
  `discount_address` varchar(225) NOT NULL,
  `court` varchar(800) NOT NULL,
  `circle` varchar(800) NOT NULL,
  `subject` varchar(800) NOT NULL,
  `attachments` varchar(800) CHARACTER SET utf8 NOT NULL,
  `tickets_kind` int(22) NOT NULL,
  `date_created` timestamp NOT NULL DEFAULT current_timestamp()
) ENGINE=InnoDB DEFAULT CHARSET=utf8mb4;

--
-- Dumping data for table `tickets`
--

INSERT INTO `tickets` (`id`, `ticket_st`, `office_id`, `user_id`, `case_number`, `year`, `inventory_number`, `nventory_years`, `client`, `client_adjective`, `client_address`, `discount`, `discount_adjective`, `discount_address`, `court`, `circle`, `subject`, `attachments`, `tickets_kind`, `date_created`) VALUES
(1, 1, '', 1715, '123', '2022', '555', '55', 'احمد محمد', 'عامل', '', 'محمود السيد', 'عامل', '', '', '', 'جنحة ', '16730890301659715766كيمياء.jpg', 0, '2023-01-07 10:25:57'),
(2, 0, '', 1, '1111', '2020', '', '', 'محمود احمد ', 'عامل', '', 'أدهم الشرقاوى', 'محاسب', '', '', '', 'جنحة ضرب', '', 0, '2023-01-07 12:12:58'),
(3, 1, '', 1, '1111', '2020', 'رقم -س', '2022', 'محمود احمد ', 'الموكل-عنوانه', '', 'أدهم الشرقاوى', 'محاسب', '', 'الشرقيه', 'الزقازيق', 'جنحة ضرب', '', 0, '2023-01-09 04:08:22'),
(4, 1, '', 3, '123', '2022', '555', '55', 'احمد محمد', 'عامل', '666', 'محمود السيد', 'عامل', '7', '', '', 'جنحة ', '', 0, '2023-01-10 02:55:43');

-- --------------------------------------------------------

--
-- Table structure for table `users_administrator`
--

CREATE TABLE `users_administrator` (
  `id` int(11) NOT NULL,
  `name` varchar(225) DEFAULT NULL,
  `provinces_id` int(22) NOT NULL,
  `address` varchar(800) NOT NULL,
  `guild_carnet` varchar(800) NOT NULL,
  `national_id` varchar(800) NOT NULL,
  `union_number` varchar(800) NOT NULL,
  `email` varchar(225) DEFAULT NULL,
  `privacy` varchar(225) DEFAULT NULL,
  `phone` varchar(225) DEFAULT NULL,
  `image` varchar(225) DEFAULT NULL,
  `attachments` varchar(800) NOT NULL,
  `password` varchar(255) DEFAULT NULL,
  `user_status` int(11) NOT NULL DEFAULT 1,
  `date_created` timestamp NOT NULL DEFAULT current_timestamp()
) ENGINE=InnoDB DEFAULT CHARSET=utf8;

--
-- Dumping data for table `users_administrator`
--

INSERT INTO `users_administrator` (`id`, `name`, `provinces_id`, `address`, `guild_carnet`, `national_id`, `union_number`, `email`, `privacy`, `phone`, `image`, `attachments`, `password`, `user_status`, `date_created`) VALUES
(1, 'احمد السيد', 2, 'مصر الجديده', 'files_list', '67773186', '5555', 'eslamsaeed.info@gmail.com', 'member', '01001010', NULL, '16730935441659715766كيمياء.jpg', '66666', 1, '2023-01-07 12:12:25'),
(2, 'eslamsaeed', 10, '55', 'files_list', '555', '555', 'eslam@gmail.com', 'member', '12345678', NULL, '16730938501659715766كيمياء.jpg', '66666', 1, '2023-01-07 12:17:31'),
(3, 'eslamsaeed', 9, '55', 'files_list', '555', '555', 'es77lam@gmail.com', 'member', '12345678', NULL, '16733192981659715766كيمياء.jpg', '77777', 1, '2023-01-10 02:55:10');

-- --------------------------------------------------------

--
-- Table structure for table `years`
--

CREATE TABLE `years` (
  `id` int(11) NOT NULL,
  `user_id` int(22) NOT NULL,
  `year` varchar(225) NOT NULL,
  `date_created` timestamp NOT NULL DEFAULT current_timestamp()
) ENGINE=InnoDB DEFAULT CHARSET=utf8mb4;

--
-- Dumping data for table `years`
--

INSERT INTO `years` (`id`, `user_id`, `year`, `date_created`) VALUES
(3, 107, '٢٠٢٢', '2022-03-23 15:41:50'),
(4, 109, '2012', '2022-03-23 18:24:11'),
(5, 106, '2021', '2022-03-26 16:14:22'),
(6, 106, '2022', '2022-03-26 19:22:21'),
(7, 110, '٢٠٢١', '2022-03-26 21:34:07'),
(8, 110, '٢٠٢٢', '2022-03-26 22:45:54'),
(9, 111, '2021', '2022-03-27 15:31:58'),
(10, 111, '2011', '2022-03-28 13:20:51'),
(11, 144, '2022', '2022-03-29 19:07:59'),
(12, 145, '2022', '2022-03-29 19:38:24'),
(13, 152, '٢٠٢٢', '2022-03-29 22:55:36'),
(14, 162, '٢٠٢١', '2022-03-30 22:08:38'),
(15, 165, '2022', '2022-03-30 22:51:17'),
(16, 167, '٢٠٢١', '2022-03-31 10:39:02'),
(17, 173, '2021', '2022-04-01 18:41:26'),
(18, 177, '2022', '2022-04-02 03:16:46'),
(19, 184, '2020', '2022-04-03 02:36:03'),
(20, 114, '2019', '2022-04-03 21:54:40'),
(21, 114, '2020', '2022-04-03 21:54:48'),
(22, 114, '2021', '2022-04-03 21:54:57'),
(23, 114, '2022', '2022-04-03 21:55:12'),
(24, 114, '٢٠٢٣', '2022-04-04 22:39:05'),
(25, 208, '٢٠٢٢', '2022-04-05 08:02:39'),
(26, 185, '٢٠٢٢', '2022-04-05 19:17:23'),
(27, 215, '٢٠٢٢', '2022-04-06 00:32:36'),
(28, 185, '٢٠٢٢', '2022-04-06 22:03:34'),
(29, 240, '٢٠٢٢', '2022-04-09 22:32:03'),
(30, 247, '٢٠٢٢', '2022-04-10 01:07:03'),
(31, 255, '٢٠٢٢', '2022-04-10 01:39:25'),
(32, 259, '٢٠٢٢', '2022-04-10 06:51:02'),
(33, 242, '٢٠٢٢', '2022-04-10 08:18:52'),
(34, 282, '2022', '2022-04-11 23:27:58'),
(35, 289, '2022', '2022-04-12 14:45:40'),
(36, 281, '2016', '2022-04-12 16:13:13'),
(37, 281, '2017', '2022-04-12 16:13:37'),
(38, 281, '2018', '2022-04-12 16:13:52'),
(39, 281, '2018', '2022-04-12 16:14:08'),
(40, 281, '2019', '2022-04-12 16:14:34'),
(41, 281, '2020', '2022-04-12 16:14:48'),
(42, 281, '2021', '2022-04-12 16:15:00'),
(43, 281, '2022', '2022-04-12 16:15:11'),
(44, 298, '٢٠٢٢', '2022-04-13 02:09:00'),
(45, 314, '2022', '2022-04-13 17:24:54'),
(46, 328, '2022', '2022-04-14 11:16:47'),
(47, 329, '2022', '2022-04-14 12:13:07'),
(48, 341, '2022', '2022-04-15 01:21:45'),
(49, 351, '2022', '2022-04-15 21:08:38'),
(50, 354, '2022', '2022-04-15 21:43:01'),
(51, 370, '2022', '2022-04-16 02:08:21'),
(52, 372, '2022', '2022-04-16 08:28:32'),
(53, 381, '2022', '2022-04-16 14:53:09'),
(54, 390, '2022', '2022-04-16 17:03:43'),
(55, 409, '2022', '2022-04-18 21:32:45'),
(56, 427, '2020', '2022-04-19 15:50:19'),
(57, 427, '2021', '2022-04-19 15:51:23'),
(58, 427, '2022', '2022-04-19 15:51:35'),
(59, 450, '2022', '2022-04-25 23:15:19'),
(60, 452, '٢٠٢٢', '2022-04-25 23:26:33'),
(61, 109, '٢٠٢٢', '2022-04-26 14:16:20'),
(62, 444, '2021', '2022-04-26 20:36:39'),
(63, 518, '٢٠٢٢', '2022-04-29 13:53:00'),
(64, 518, '٢٠٢٢', '2022-04-29 14:48:19'),
(65, 526, '2022', '2022-04-29 15:53:27'),
(66, 541, '٢٠٢٢', '2022-04-30 13:49:24'),
(67, 561, '٢٠٢٢', '2022-04-30 14:36:19'),
(68, 576, '2022', '2022-05-01 00:08:58'),
(69, 534, '2022', '2022-05-03 00:13:43'),
(70, 600, '٢٠٢٢', '2022-05-05 13:36:22'),
(71, 600, '٢٠١٨', '2022-05-05 13:36:48'),
(72, 600, '٢٠١٩', '2022-05-05 13:37:10'),
(73, 600, '2020', '2022-05-05 13:37:21'),
(74, 600, '2021', '2022-05-05 13:37:32'),
(75, 106, '2022', '2022-05-12 01:54:51'),
(76, 180, '2022', '2022-05-12 02:07:57'),
(77, 109, '2013', '2022-05-13 13:12:31'),
(78, 109, '2017', '2022-05-13 13:39:05'),
(79, 621, '2022', '2022-05-16 20:50:44'),
(80, 616, '٢٠٢٢', '2022-05-16 20:51:24'),
(81, 649, '2022', '2022-05-19 20:20:57'),
(82, 654, '2022', '2022-05-19 21:56:54'),
(83, 637, '2022', '2022-05-20 03:08:13'),
(84, 719, '2022', '2022-05-24 09:35:55'),
(85, 738, '٢٠٢١', '2022-05-24 12:29:34'),
(86, 752, '2008', '2022-05-24 13:43:08'),
(87, 812, '2020', '2022-05-24 19:03:35'),
(88, 823, '٢٠٢٢', '2022-05-24 20:26:29'),
(89, 831, '2022', '2022-05-24 21:07:23'),
(90, 782, '٢٠٢٢', '2022-05-24 22:33:08'),
(91, 850, '٢٠١٧', '2022-05-24 22:48:04'),
(92, 851, '2022', '2022-05-24 22:53:22'),
(93, 838, '2022', '2022-05-24 23:18:50'),
(94, 838, '2000', '2022-05-24 23:29:12'),
(95, 873, '2022', '2022-05-25 08:18:19'),
(96, 877, '2021', '2022-05-25 09:16:05'),
(97, 877, '2022', '2022-05-25 09:16:26'),
(98, 883, '2022', '2022-05-25 10:40:28'),
(99, 751, '١٩٨٥', '2022-05-26 18:23:33'),
(100, 726, '٢٠٢٢', '2022-05-26 20:45:23'),
(101, 726, '٢٠٢٠', '2022-05-26 21:23:16'),
(102, 726, '٢٠٢١', '2022-05-27 13:05:53'),
(103, 726, '٢٠١٩', '2022-05-28 09:20:02'),
(104, 943, '٢٠٢٢', '2022-05-29 11:18:54'),
(105, 898, '٢٠٢٢', '2022-05-29 23:53:24'),
(106, 947, '٢٠٢٢', '2022-05-30 17:27:21'),
(107, 817, '٢٠٢٢', '2022-06-08 12:40:58'),
(108, 998, '2022', '2022-06-08 23:07:50'),
(109, 1005, '2022', '2022-06-09 05:59:32'),
(110, 1024, '2022', '2022-06-11 11:09:12'),
(111, 1065, '2022', '2022-06-13 07:06:56'),
(112, 1082, '2022', '2022-06-15 13:01:40'),
(113, 1095, '2020', '2022-06-17 03:28:43'),
(114, 1095, '2021', '2022-06-17 03:28:55'),
(115, 1095, '2022', '2022-06-17 03:29:05'),
(116, 1119, '2022', '2022-06-17 12:40:35'),
(117, 1123, '2022', '2022-06-17 12:59:08'),
(118, 1175, '2022', '2022-06-18 14:11:52'),
(119, 1013, '2022', '2022-06-18 19:53:36'),
(120, 1199, '2022', '2022-06-19 01:23:09'),
(121, 1243, '2019', '2022-06-21 12:25:00'),
(122, 1243, '2020', '2022-06-21 12:25:09'),
(123, 1243, '2021', '2022-06-21 12:25:21'),
(124, 1243, '2022', '2022-06-21 12:25:31'),
(125, 1273, '٢٠٢٢', '2022-06-24 00:06:15'),
(126, 1234, '2022', '2022-06-26 23:07:00'),
(127, 1325, '2022', '2022-07-01 22:38:10'),
(128, 1357, '٢٠٢٠', '2022-07-02 01:14:24'),
(129, 1372, '2022', '2022-07-02 04:05:34'),
(130, 1453, '2022', '2022-07-02 23:10:29'),
(131, 1235, 'L2022', '2022-07-05 21:33:24'),
(132, 1498, '٢٠٢٢', '2022-07-07 08:52:12'),
(133, 1351, '2022', '2022-07-07 23:37:33'),
(134, 1513, '٢٠٢٢', '2022-07-14 12:43:24'),
(135, 1533, '1997', '2022-07-27 10:47:02');

--
-- Indexes for dumped tables
--

--
-- Indexes for table `ads`
--
ALTER TABLE `ads`
  ADD PRIMARY KEY (`id`);

--
-- Indexes for table `case_sessions`
--
ALTER TABLE `case_sessions`
  ADD PRIMARY KEY (`id`);

--
-- Indexes for table `chat`
--
ALTER TABLE `chat`
  ADD PRIMARY KEY (`id`);

--
-- Indexes for table `daily_business`
--
ALTER TABLE `daily_business`
  ADD PRIMARY KEY (`id`);

--
-- Indexes for table `employees`
--
ALTER TABLE `employees`
  ADD PRIMARY KEY (`id`);

--
-- Indexes for table `notification`
--
ALTER TABLE `notification`
  ADD PRIMARY KEY (`id`);

--
-- Indexes for table `offices`
--
ALTER TABLE `offices`
  ADD PRIMARY KEY (`id`);

--
-- Indexes for table `prepare_papers`
--
ALTER TABLE `prepare_papers`
  ADD PRIMARY KEY (`id`);

--
-- Indexes for table `problems`
--
ALTER TABLE `problems`
  ADD PRIMARY KEY (`id`);

--
-- Indexes for table `provinces`
--
ALTER TABLE `provinces`
  ADD PRIMARY KEY (`id`);

--
-- Indexes for table `tickets`
--
ALTER TABLE `tickets`
  ADD PRIMARY KEY (`id`);

--
-- Indexes for table `users_administrator`
--
ALTER TABLE `users_administrator`
  ADD PRIMARY KEY (`id`);

--
-- Indexes for table `years`
--
ALTER TABLE `years`
  ADD PRIMARY KEY (`id`);

--
-- AUTO_INCREMENT for dumped tables
--

--
-- AUTO_INCREMENT for table `ads`
--
ALTER TABLE `ads`
  MODIFY `id` int(11) NOT NULL AUTO_INCREMENT, AUTO_INCREMENT=2;

--
-- AUTO_INCREMENT for table `case_sessions`
--
ALTER TABLE `case_sessions`
  MODIFY `id` int(11) NOT NULL AUTO_INCREMENT, AUTO_INCREMENT=3;

--
-- AUTO_INCREMENT for table `chat`
--
ALTER TABLE `chat`
  MODIFY `id` int(11) NOT NULL AUTO_INCREMENT, AUTO_INCREMENT=1138;

--
-- AUTO_INCREMENT for table `daily_business`
--
ALTER TABLE `daily_business`
  MODIFY `id` int(11) NOT NULL AUTO_INCREMENT, AUTO_INCREMENT=28;

--
-- AUTO_INCREMENT for table `employees`
--
ALTER TABLE `employees`
  MODIFY `id` int(11) NOT NULL AUTO_INCREMENT, AUTO_INCREMENT=6;

--
-- AUTO_INCREMENT for table `notification`
--
ALTER TABLE `notification`
  MODIFY `id` int(11) NOT NULL AUTO_INCREMENT, AUTO_INCREMENT=4;

--
-- AUTO_INCREMENT for table `offices`
--
ALTER TABLE `offices`
  MODIFY `id` int(11) NOT NULL AUTO_INCREMENT, AUTO_INCREMENT=391;

--
-- AUTO_INCREMENT for table `prepare_papers`
--
ALTER TABLE `prepare_papers`
  MODIFY `id` int(11) NOT NULL AUTO_INCREMENT;

--
-- AUTO_INCREMENT for table `problems`
--
ALTER TABLE `problems`
  MODIFY `id` int(11) NOT NULL AUTO_INCREMENT, AUTO_INCREMENT=6;

--
-- AUTO_INCREMENT for table `provinces`
--
ALTER TABLE `provinces`
  MODIFY `id` int(11) NOT NULL AUTO_INCREMENT, AUTO_INCREMENT=35;

--
-- AUTO_INCREMENT for table `tickets`
--
ALTER TABLE `tickets`
  MODIFY `id` int(11) NOT NULL AUTO_INCREMENT, AUTO_INCREMENT=5;

--
-- AUTO_INCREMENT for table `users_administrator`
--
ALTER TABLE `users_administrator`
  MODIFY `id` int(11) NOT NULL AUTO_INCREMENT, AUTO_INCREMENT=4;

--
-- AUTO_INCREMENT for table `years`
--
ALTER TABLE `years`
  MODIFY `id` int(11) NOT NULL AUTO_INCREMENT, AUTO_INCREMENT=136;
COMMIT;

/*!40101 SET CHARACTER_SET_CLIENT=@OLD_CHARACTER_SET_CLIENT */;
/*!40101 SET CHARACTER_SET_RESULTS=@OLD_CHARACTER_SET_RESULTS */;
/*!40101 SET COLLATION_CONNECTION=@OLD_COLLATION_CONNECTION */;
